Long URL,Tags,customSlug
https://github.com/19920513/www/blob/master/README.md?6h4vv#1,"all,300823,tlct,webctcbth",300823.1
https://github.com/19920513/www/blob/master/README.md?60804#1,"all,300823,tlct,webctcbth",300823.2
https://github.com/19920513/www/blob/master/README.md?xt4ff#1,"all,300823,tlct,webctcbth",300823.3
https://github.com/19920513/www/blob/master/README.md?d02lp#1,"all,300823,tlct,webctcbth",300823.4
https://github.com/19920513/www/blob/master/README.md?00j88#1,"all,300823,tlct,webctcbth",300823.5
https://github.com/19920513/www/blob/master/README.md?2fpp4#1,"all,300823,tlct,webctcbth",300823.6
https://github.com/19920513/www/blob/master/README.md?jztrt#1,"all,300823,tlct,webctcbth",300823.7
https://github.com/19920513/www/blob/master/README.md?z2x8b#1,"all,300823,tlct,webctcbth",300823.8
https://github.com/19920513/www/blob/master/README.md?xl6tb#1,"all,300823,tlct,webctcbth",300823.9
https://github.com/19920513/www/blob/master/README.md?46njn#1,"all,300823,tlct,webctcbth",300823.10
https://github.com/19920513/www/blob/master/README.md?bfntl#1,"all,300823,tlct,webctcbth",300823.11
https://github.com/19920513/www/blob/master/README.md?f0p8b#1,"all,300823,tlct,webctcbth",300823.12
https://github.com/19920513/www/blob/master/README.md?jh80v#1,"all,300823,tlct,webctcbth",300823.13
https://github.com/19920513/www/blob/master/README.md?f8lf8#1,"all,300823,tlct,webctcbth",300823.14
https://github.com/19920513/www/blob/master/README.md?zv860#1,"all,300823,tlct,webctcbth",300823.15
https://github.com/19920513/www/blob/master/README.md?vp82n#1,"all,300823,tlct,webctcbth",300823.16
https://github.com/19920513/www/blob/master/README.md?8dzn8#1,"all,300823,tlct,webctcbth",300823.17
https://github.com/19920513/www/blob/master/README.md?t2n80#1,"all,300823,tlct,webctcbth",300823.18
https://github.com/19920513/www/blob/master/README.md?n408d#1,"all,300823,tlct,webctcbth",300823.19
https://github.com/19920513/www/blob/master/README.md?p080d#1,"all,300823,tlct,webctcbth",300823.20
https://github.com/19920513/www/blob/master/README.md?2jpf8#1,"all,300823,tlct,webctcbth",300823.21
https://github.com/19920513/www/blob/master/README.md?24p4n#1,"all,300823,tlct,webctcbth",300823.22
https://github.com/19920513/www/blob/master/README.md?4z8x4#1,"all,300823,tlct,webctcbth",300823.23
https://github.com/19920513/www/blob/master/README.md?88868#1,"all,300823,tlct,webctcbth",300823.24
https://github.com/19920513/www/blob/master/README.md?x2hv4#1,"all,300823,tlct,webctcbth",300823.25
https://github.com/19920513/www/blob/master/README.md?zxjp6#1,"all,300823,tlct,webctcbth",300823.26
https://github.com/19920513/www/blob/master/README.md?nvz24#1,"all,300823,tlct,webctcbth",300823.27
https://github.com/19920513/www/blob/master/README.md?rjdv0#1,"all,300823,tlct,webctcbth",300823.28
https://github.com/19920513/www/blob/master/README.md?042h0#1,"all,300823,qr,webctcbth",300823.29
https://github.com/19920513/www/blob/master/README.md?n8v22#1,"all,300823,qr,webctcbth",300823.30
https://github.com/19920513/www/blob/master/README.md?tf8pd#1,"all,300823,qr,webctcbth",300823.31
https://github.com/19920513/www/blob/master/README.md?t26b4#1,"all,300823,qr,webctcbth",300823.32
https://github.com/19920513/www/blob/master/README.md?jlx84#1,"all,300823,qr,webctcbth",300823.33
https://github.com/19920513/www/blob/master/README.md?02lhr#1,"all,300823,qr,webctcbth",300823.34
https://github.com/19920513/www/blob/master/README.md?00r8h#1,"all,300823,qr,webctcbth",300823.35
https://github.com/19920513/www/blob/master/README.md?x0lzx#1,"all,300823,qr,webctcbth",300823.36
https://github.com/19920513/www/blob/master/README.md?tbfx0#1,"all,300823,qr,webctcbth",300823.37
https://github.com/19920513/www/blob/master/README.md?844fb#1,"all,300823,qr,webctcbth",300823.38
https://github.com/19920513/www/blob/master/README.md?f28bn#1,"all,300823,qr,webctcbth",300823.39
https://github.com/19920513/www/blob/master/README.md?82pn8#1,"all,300823,qr,webctcbth",300823.40
https://github.com/19920513/ntdtv/blob/master/gb/prog452866_1.md?8vzhj#1,"all,300823,qr,pthqdkd",300823.41
https://github.com/19920513/ntdtv/blob/master/gb/prog452866_1.md?8vdbx#1,"all,300823,qr,pthqdkd",300823.42
https://github.com/19920513/ntdtv/blob/master/gb/prog452866_1.md?4hhzt#1,"all,300823,qr,pthqdkd",300823.43
https://github.com/19920513/ntdtv/blob/master/gb/prog452866_1.md?bx6dr#1,"all,300823,qr,pthqdkd",300823.44
https://github.com/19920513/ntdtv/blob/master/gb/prog452866_1.md?022lj#1,"all,300823,qr,pthqdkd",300823.45
https://github.com/19920513/ntdtv/blob/master/gb/prog452866_1.md?02466#1,"all,300823,qr,pthqdkd",300823.46
https://github.com/19920513/ntdtv/blob/master/gb/prog452866_1.md?j82p2#1,"all,300823,qr,pthqdkd",300823.47
https://github.com/19920513/ntdtv/blob/master/gb/prog452866_1.md?88r24#1,"all,300823,qr,pthqdkd",300823.48
https://github.com/19920513/ntdtv/blob/master/gb/prog452866_1.md?84t42#1,"all,300823,qr,pthqdkd",300823.49
https://github.com/19920513/ntdtv/blob/master/gb/prog452866_1.md?h82xv#1,"all,300823,qr,pthqdkd",300823.50
https://github.com/19920513/ntdtv/blob/master/gb/prog452866_1.md?j24r8#1,"all,300823,qr,pthqdkd",300823.51
https://github.com/19920513/ntdtv/blob/master/gb/prog452866_1.md?0td0p#1,"all,300823,qr,pthqdkd",300823.52
https://github.com/19920513/ntdtv/blob/master/gb/prog452866_1.md?l2p4r#1,"all,300823,qr,pthqdkd",300823.53
https://github.com/19920513/ntdtv/blob/master/gb/prog452866_1.md?p0n40#1,"all,300823,qr,pthqdkd",300823.54
https://github.com/19920513/ntdtv/blob/master/gb/prog452866_1.md?p2p0b#1,"all,300823,qr,pthqdkd",300823.55
https://github.com/19920513/ntdtv/blob/master/gb/prog452866_1.md?bn42d#1,"all,300823,qr,pthqdkd",300823.56
https://github.com/19920513/ntdtv/blob/master/gb/prog452866_1.md?4r6t0#1,"all,300823,qr,pthqdkd",300823.57
https://github.com/19920513/ntdtv/blob/master/gb/prog452866_1.md?6hvjf#1,"all,300823,qr,pthqdkd",300823.58
https://github.com/19920513/ntdtv/blob/master/gb/prog452866_1.md?p2f0x#1,"all,300823,qr,pthqdkd",300823.59
https://github.com/19920513/ntdtv/blob/master/gb/prog452866_1.md?jrb48#1,"all,300823,qr,pthqdkd",300823.60
https://github.com/19920513/ntdtv/blob/master/gb/prog452866_1.md?02t28#1,"all,300823,qr,pthqdkd",300823.61
https://github.com/19920513/ntdtv/blob/master/gb/prog452866_1.md?b6df8#1,"all,300823,qr,pthqdkd",300823.62
https://github.com/19920513/ntdtv/blob/master/gb/prog452866_1.md?6th6j#1,"all,300823,qr,pthqdkd",300823.63
https://github.com/19920513/ntdtv/blob/master/gb/prog452866_1.md?n42vh#1,"all,300823,qr,pthqdkd",300823.64
https://github.com/19920513/ntdtv/blob/master/gb/prog452866_1.md?nfh80#1,"all,300823,qr,pthqdkd",300823.65
https://github.com/19920513/ntdtv/blob/master/gb/prog452866_1.md?v6zlr#1,"all,300823,qr,pthqdkd",300823.66
https://github.com/19920513/ntdtv/blob/master/gb/prog452866_1.md?4vl4f#1,"all,300823,qr,pthqdkd",300823.67
https://github.com/19920513/ntdtv/blob/master/gb/prog452866_1.md?042j0#1,"all,300823,qr,pthqdkd",300823.68
https://github.com/19920513/ntdtv/blob/master/gb/prog452866_1.md?8t8bh#1,"all,300823,qr,pthqdkd",300823.69
https://github.com/19920513/ntdtv/blob/master/gb/prog452866_1.md?0j22h#1,"all,300823,qr,pthqdkd",300823.70
https://github.com/19920513/ntdtv/blob/master/gb/prog452866_1.md?8z682#1,"all,300823,qr,pthqdkd",300823.71
https://github.com/19920513/ntdtv/blob/master/gb/prog452866_1.md?p4jdj#1,"all,300823,qr,pthqdkd",300823.72
https://github.com/19920513/ntdtv/blob/master/gb/prog452866_1.md?p48hb#1,"all,300823,qr,pthqdkd",300823.73
https://github.com/19920513/ntdtv/blob/master/gb/prog452866_1.md?4tt24#1,"all,300823,qr,pthqdkd",300823.74
https://github.com/19920513/ntdtv/blob/master/gb/prog452866_1.md?86bl2#1,"all,300823,qr,pthqdkd",300823.75
https://github.com/19920513/ntdtv/blob/master/gb/prog452866_1.md?2j08t#1,"all,300823,qr,pthqdkd",300823.76
https://github.com/19920513/ntdtv/blob/master/gb/prog452866_1.md?64xfv#1,"all,300823,qr,pthqdkd",300823.77
https://github.com/19920513/ntdtv/blob/master/gb/prog452866_1.md?d000v#1,"all,300823,qr,pthqdkd",300823.78
https://github.com/19920513/ntdtv/blob/master/gb/prog452866_1.md?f8p2r#1,"all,300823,qr,pthqdkd",300823.79
https://github.com/19920513/ntdtv/blob/master/gb/prog452866_1.md?0z0d0#1,"all,300823,qr,pthqdkd",300823.80
http://h8x6f0.chende.site/eJ5Ln#zh2fb4rv,"all,300823,qr,ndb",300823.81
https://6d66hl.zahe.site/eJ5Ln#bzv88620,"all,300823,qr,ndb",300823.82
https://626t4h.luange.shop/eJ5Ln#2bn80t22,"all,300823,qr,ndb",300823.83
http://4x6842.jiepu.fun/eJ5Ln#r42b8jtn,"all,300823,qr,ndb",300823.84
http://8p6hd2.dentu.store/eJ5Ln#8f6n4t8t,"all,300823,qr,ndb",300823.85
http://plp662.junte.shop/eJ5Ln#468nn4t0,"all,300823,qr,ndb",300823.86
http://v82f64.maore.store/eJ5Ln#n2ntp640,"all,300823,qr,ndb",300823.87
http://2hrl42.soure.online/eJ5Ln#vtd8xjdf,"all,300823,qr,ndb",300823.88
http://vtrx4j.jingpu.online/eJ5Ln#086z6jnj,"all,300823,qr,ndb",300823.89
http://x04626.yingpa.online/eJ5Ln#8ntr0rfr,"all,300823,qr,ndb",300823.90
http://464ph2.yuanza.store/eJ5Ln#4px82jrb,"all,300823,qr,ndb",300823.91
http://lfd204.laifu.xyz/eJ5Ln#4l0t402p,"all,300823,qr,ndb",300823.92
http://x8r20t.chende.site/eJ5Ln#4h0v6b0z,"all,300823,qr,ndb",300823.93
https://2fn0v2.zahe.site/eJ5Ln#688v6p4v,"all,300823,qr,ndb",300823.94
https://6x06l6.luange.shop/eJ5Ln#4n0h2t4r,"all,300823,qr,ndb",300823.95
http://0zv0xn.jiepu.fun/eJ5Ln#x64nxx4f,"all,300823,qr,ndb",300823.96
http://h62bz2.dentu.store/eJ5Ln#84lfjp0v,"all,300823,qr,ndb",300823.97
http://822dn0.junte.shop/eJ5Ln#2rr0x4z2,"all,300823,qr,ndb",300823.98
http://8420nr.maore.store/eJ5Ln#d6pz8vv6,"all,300823,qr,ndb",300823.99
http://2p8v0j.soure.online/eJ5Ln#zbn6p2dh,"all,300823,qr,ndb",300823.100
http://2r42x4.jingpu.online/eJ5Ln#nr6nlvt2,"all,300823,qr,ndb",300823.101
http://224j68.yingpa.online/eJ5Ln#00008pd8,"all,300823,qr,ndb",300823.102
http://02f8r6.yuanza.store/eJ5Ln#f264pbxr,"all,300823,qr,ndb",300823.103
http://8lhj6f.laifu.xyz/eJ5Ln#68h4fvjp,"all,300823,qr,ndb",300823.104
http://j46xj0.chende.site/eJ5Ln#6t642pdx,"all,300823,qr,ndb",300823.105
https://nh24tj.zahe.site/eJ5Ln#8ll0v0d4,"all,300823,qr,ndb",300823.106
https://662j0j.luange.shop/eJ5Ln#z4t2zhb2,"all,300823,qr,ndb",300823.107
http://h6rhfh.jiepu.fun/eJ5Ln#tn662288,"all,300823,qr,ndb",300823.108
http://ft860x.dentu.store/eJ5Ln#66zdrx68,"all,300823,qr,ndb",300823.109
http://jbxxr2.junte.shop/eJ5Ln#x86rvflj,"all,300823,qr,ndb",300823.110
http://44f4dv.maore.store/eJ5Ln#rhp2xbxl,"all,300823,qr,ndb",300823.111
http://p80n06.soure.online/eJ5Ln#8rd28td2,"all,300823,qr,ndb",300823.112
http://642tn2.jingpu.online/eJ5Ln#20040lhf,"all,300823,qr,ndb",300823.113
http://p2v8th.yingpa.online/eJ5Ln#680660hl,"all,300823,qr,ndb",300823.114
http://f4t8f0.yuanza.store/eJ5Ln#xjbfx28n,"all,300823,qr,ndb",300823.115
http://2nplrp.laifu.xyz/eJ5Ln#b2tr8lvf,"all,300823,qr,ndb",300823.116
http://8x6pxn.chende.site/eJ5Ln#l0xz8ph4,"all,300823,qr,ndb",300823.117
https://6l4806.zahe.site/eJ5Ln#fbbbl2z6,"all,300823,qr,ndb",300823.118
https://z26tb6.luange.shop/eJ5Ln#640dx6zt,"all,300823,qr,ndb",300823.119
http://802fx6.jiepu.fun/eJ5Ln#00l604zf,"all,300823,qr,ndb",300823.120
http://n608ll.chende.site/video/play/1093.html#80zvr6v4,"all,300823,qr,cmt",300823.121
https://tfxf20.zahe.site/video/play/1093.html#04tll688,"all,300823,qr,cmt",300823.122
https://4d0840.luange.shop/video/play/1093.html#8jf4h66z,"all,300823,qr,cmt",300823.123
http://tpppjj.jiepu.fun/video/play/1093.html#zzxdfr0v,"all,300823,qr,cmt",300823.124
http://rjr0l4.dentu.store/video/play/1093.html#80f8xrff,"all,300823,qr,cmt",300823.125
http://h0606r.junte.shop/video/play/1093.html#dp84tn08,"all,300823,qr,cmt",300823.126
http://p8t24b.maore.store/video/play/1093.html#pv2rf208,"all,300823,qr,cmt",300823.127
http://20rtfz.soure.online/video/play/1093.html#bz086hzh,"all,300823,qr,cmt",300823.128
http://x222zj.jingpu.online/video/play/1093.html#4h4666lh,"all,300823,qr,cmt",300823.129
http://hx8804.yingpa.online/video/play/1093.html#6z0x4n0v,"all,300823,qr,cmt",300823.130
http://6tnjz0.yuanza.store/video/play/1093.html#vh02jltb,"all,300823,qr,cmt",300823.131
http://nbz0v2.laifu.xyz/video/play/1093.html#44jb266t,"all,300823,qr,cmt",300823.132
http://6z0l0v.chende.site/video/play/1093.html#lzvrtfb8,"all,300823,qr,cmt",300823.133
https://d0zprf.zahe.site/video/play/1093.html#th84ph2z,"all,300823,qr,cmt",300823.134
https://h44882.luange.shop/video/play/1093.html#44j4vr44,"all,300823,qr,cmt",300823.135
http://n6b2tv.jiepu.fun/video/play/1093.html#xd2p0xrt,"all,300823,qr,cmt",300823.136
http://b8pf66.dentu.store/video/play/1093.html#l4hdf64l,"all,300823,qr,cmt",300823.137
http://l0862b.junte.shop/video/play/1093.html#2fflr0tj,"all,300823,qr,cmt",300823.138
http://8vnp44.maore.store/video/play/1093.html#t842j6z8,"all,300823,qr,cmt",300823.139
http://6844v0.soure.online/video/play/1093.html#86fvjjd8,"all,300823,qr,cmt",300823.140
http://6l422f.jingpu.online/video/play/1093.html#nj02xr4v,"all,300823,qr,cmt",300823.141
http://r2n2b4.yingpa.online/video/play/1093.html#660844dh,"all,300823,qr,cmt",300823.142
http://8v0684.yuanza.store/video/play/1093.html#hfr6th84,"all,300823,qr,cmt",300823.143
http://n24rjr.laifu.xyz/video/play/1093.html#n2460b02,"all,300823,qr,cmt",300823.144
http://402d0b.chende.site/video/play/1093.html#6lvrdrrt,"all,300823,qr,cmt",300823.145
https://460n68.zahe.site/video/play/1093.html#4r88h800,"all,300823,qr,cmt",300823.146
https://0vflr0.luange.shop/video/play/1093.html#4zjzl620,"all,300823,qr,cmt",300823.147
http://tf0ffd.jiepu.fun/video/play/1093.html#x4f6r20x,"all,300823,qr,cmt",300823.148
http://l8pprv.dentu.store/video/play/1093.html#jl6p46jr,"all,300823,qr,cmt",300823.149
http://j62068.junte.shop/video/play/1093.html#nx60j84x,"all,300823,qr,cmt",300823.150
http://4086hb.maore.store/video/play/1093.html#80p26426,"all,300823,qr,cmt",300823.151
http://x8zrhx.soure.online/video/play/1093.html#84jnt8hl,"all,300823,qr,cmt",300823.152
http://j24p0n.jingpu.online/video/play/1093.html#d0rvr80x,"all,300823,qr,cmt",300823.153
http://6j6pf2.yingpa.online/video/play/1093.html#68r204pl,"all,300823,qr,cmt",300823.154
http://88fzt6.yuanza.store/video/play/1093.html#p26060pf,"all,300823,qr,cmt",300823.155
http://bf2z84.laifu.xyz/video/play/1093.html#r4dd620h,"all,300823,qr,cmt",300823.156
http://688d4x.chende.site/video/play/1093.html#t0202jzl,"all,300823,qr,cmt",300823.157
https://220v2n.zahe.site/video/play/1093.html#822v0pvn,"all,300823,qr,cmt",300823.158
https://x480xv.luange.shop/video/play/1093.html#p8r42808,"all,300823,qr,cmt",300823.159
http://42tjn6.jiepu.fun/video/play/1093.html#xzx0bj6v,"all,300823,qr,cmt",300823.160
http://2244l4.chende.site/sBht#2p4tzxt2,"all,300823,qr,TCkTQ",300823.161
https://020p4z.zahe.site/sBht#68422hzt,"all,300823,qr,TCkTQ",300823.162
https://6tp28p.luange.shop/sBht#22fx0n0n,"all,300823,qr,TCkTQ",300823.163
http://2hjthr.jiepu.fun/sBht#6n62rdn2,"all,300823,qr,TCkTQ",300823.164
http://vzx86l.dentu.store/sBht#p60nrpnv,"all,300823,qr,TCkTQ",300823.165
http://tv02zl.junte.shop/sBht#26n6p688,"all,300823,qr,TCkTQ",300823.166
http://j4j8fn.maore.store/sBht#604244n4,"all,300823,qr,TCkTQ",300823.167
http://4lbff0.soure.online/sBht#8d0z4rdv,"all,300823,qr,TCkTQ",300823.168
http://86xz08.jingpu.online/sBht#ff8xvhb6,"all,300823,qr,TCkTQ",300823.169
http://fnt82b.yingpa.online/sBht#rx0pr6hn,"all,300823,qr,TCkTQ",300823.170
http://428lzp.yuanza.store/sBht#84vxxn6x,"all,300823,qr,TCkTQ",300823.171
http://r6f0fv.laifu.xyz/sBht#hz2z4z44,"all,300823,qr,TCkTQ",300823.172
http://0dfl08.chende.site/sBht#x26dlxf8,"all,300823,qr,TCkTQ",300823.173
https://rl0vh4.zahe.site/sBht#ddrtr840,"all,300823,qr,TCkTQ",300823.174
https://88v066.luange.shop/sBht#lr2h0j84,"all,300823,qr,TCkTQ",300823.175
http://0tft4b.jiepu.fun/sBht#v02r0tpz,"all,300823,qr,TCkTQ",300823.176
http://66jj00.dentu.store/sBht#68000v0h,"all,300823,qr,TCkTQ",300823.177
http://6j6p82.junte.shop/sBht#fn48hf0x,"all,300823,qr,TCkTQ",300823.178
http://hzp848.maore.store/sBht#22dt00p0,"all,300823,qr,TCkTQ",300823.179
http://4d2844.soure.online/sBht#246hr82j,"all,300823,qr,TCkTQ",300823.180
http://d4j88l.jingpu.online/sBht#6b8nd862,"all,300823,qr,TCkTQ",300823.181
http://8f2l0f.yingpa.online/sBht#fjzx04j8,"all,300823,qr,TCkTQ",300823.182
http://d0dxnx.yuanza.store/sBht#8d8zdpr4,"all,300823,qr,TCkTQ",300823.183
http://42rttj.laifu.xyz/sBht#6nnjlrdr,"all,300823,qr,TCkTQ",300823.184
http://2dd60p.chende.site/sBht#284866p4,"all,300823,qr,TCkTQ",300823.185
https://t60tx4.zahe.site/sBht#jt82pj88,"all,300823,qr,TCkTQ",300823.186
https://0fdjd0.luange.shop/sBht#ntd280z0,"all,300823,qr,TCkTQ",300823.187
http://084486.jiepu.fun/sBht#bjdd0t4n,"all,300823,qr,TCkTQ",300823.188
http://tnfn6h.dentu.store/sBht#nh8200tr,"all,300823,qr,TCkTQ",300823.189
http://vv20h6.junte.shop/sBht#z6xn40bp,"all,300823,qr,TCkTQ",300823.190
http://zpzdd4.maore.store/sBht#thrj4hd8,"all,300823,qr,TCkTQ",300823.191
http://066802.soure.online/sBht#0n468t68,"all,300823,qr,TCkTQ",300823.192
http://p002z4.jingpu.online/sBht#6ndl6462,"all,300823,qr,TCkTQ",300823.193
http://0rdvp0.yingpa.online/sBht#z8r80jf2,"all,300823,qr,TCkTQ",300823.194
http://0j2r60.yuanza.store/sBht#b8p2l68b,"all,300823,qr,TCkTQ",300823.195
http://084j6h.laifu.xyz/sBht#f88xx40x,"all,300823,qr,TCkTQ",300823.196
http://6jx0v0.chende.site/sBht#f0n46vx6,"all,300823,qr,TCkTQ",300823.197
https://6l444t.zahe.site/sBht#lpnv024h,"all,300823,qr,TCkTQ",300823.198
https://bjhffh.luange.shop/sBht#d226lhj0,"all,300823,qr,TCkTQ",300823.199
http://6260f0.jiepu.fun/sBht#46866h68,"all,300823,qr,TCkTQ",300823.200
http://d0f6t8.chende.site/video/play/1108.html#222v0h6d,"all,300823,qr,phimdvb",300823.201
https://h26v64.zahe.site/video/play/1108.html#84hvtdxf,"all,300823,qr,phimdvb",300823.202
https://060r66.luange.shop/video/play/1108.html#82j422r0,"all,300823,qr,phimdvb",300823.203
http://hnnhl8.jiepu.fun/video/play/1108.html#zv4blz2n,"all,300823,qr,phimdvb",300823.204
http://ppjtbx.dentu.store/video/play/1108.html#8p40l2z2,"all,300823,qr,phimdvb",300823.205
http://80hdx6.junte.shop/video/play/1108.html#xjrhb62h,"all,300823,qr,phimdvb",300823.206
http://p8tn68.maore.store/video/play/1108.html#6nn4d02d,"all,300823,qr,phimdvb",300823.207
http://f446b4.soure.online/video/play/1108.html#v8xt8xlh,"all,300823,qr,phimdvb",300823.208
http://d0b2rp.jingpu.online/video/play/1108.html#8zf4jt2t,"all,300823,qr,phimdvb",300823.209
http://6d6068.yingpa.online/video/play/1108.html#2bjpfl88,"all,300823,qr,phimdvb",300823.210
http://8t8440.yuanza.store/video/play/1108.html#2n8bpb6z,"all,300823,qr,phimdvb",300823.211
http://vr002v.laifu.xyz/video/play/1108.html#6l4z4x46,"all,300823,qr,phimdvb",300823.212
http://n024x8.chende.site/video/play/1108.html#8h66bn4f,"all,300823,qr,phimdvb",300823.213
https://x222l8.zahe.site/video/play/1108.html#l266h2dd,"all,300823,qr,phimdvb",300823.214
https://t8z40j.luange.shop/video/play/1108.html#bv0t6ztb,"all,300823,qr,phimdvb",300823.215
http://fvbpr0.jiepu.fun/video/play/1108.html#hl86x2fr,"all,300823,qr,phimdvb",300823.216
http://8nxvfv.dentu.store/video/play/1108.html#db6v6xhl,"all,300823,qr,phimdvb",300823.217
http://h28r4l.junte.shop/video/play/1108.html#02v06j6t,"all,300823,qr,phimdvb",300823.218
http://468626.maore.store/video/play/1108.html#rnf0vv0t,"all,300823,qr,phimdvb",300823.219
http://fbxbld.soure.online/video/play/1108.html#0hp82n86,"all,300823,qr,phimdvb",300823.220
http://jb8vr8.jingpu.online/video/play/1108.html#40466jrr,"all,300823,qr,phimdvb",300823.221
http://2z048v.yingpa.online/video/play/1108.html#n8zx0fx2,"all,300823,qr,phimdvb",300823.222
http://4d8pl6.yuanza.store/video/play/1108.html#6z6xx222,"all,300823,qr,phimdvb",300823.223
http://40r46r.laifu.xyz/video/play/1108.html#2rh44x86,"all,300823,qr,phimdvb",300823.224
http://f80hh0.chende.site/video/play/1108.html#xnx6tj26,"all,300823,qr,phimdvb",300823.225
https://d0dnl6.zahe.site/video/play/1108.html#v440v84v,"all,300823,qr,phimdvb",300823.226
https://d4rpd6.luange.shop/video/play/1108.html#688v62p4,"all,300823,qr,phimdvb",300823.227
http://n8h6j8.jiepu.fun/video/play/1108.html#680h0088,"all,300823,qr,phimdvb",300823.228
http://0v48h4.dentu.store/video/play/1108.html#4dx6frhb,"all,300823,qr,phimdvb",300823.229
http://644hh6.junte.shop/video/play/1108.html#2666xp8p,"all,300823,qr,phimdvb",300823.230
http://80xhhp.maore.store/video/play/1108.html#jt0h4v84,"all,300823,qr,phimdvb",300823.231
http://vd0npv.soure.online/video/play/1108.html#80hf2nj6,"all,300823,qr,phimdvb",300823.232
http://0h8h0j.jingpu.online/video/play/1108.html#6d6zv6jh,"all,300823,qr,phimdvb",300823.233
http://ph66d8.yingpa.online/video/play/1108.html#v40t66fr,"all,300823,qr,phimdvb",300823.234
http://06f8lx.yuanza.store/video/play/1108.html#tp66800l,"all,300823,qr,phimdvb",300823.235
http://6j60p0.laifu.xyz/video/play/1108.html#4b064nt6,"all,300823,qr,phimdvb",300823.236
http://n64zd6.chende.site/video/play/1108.html#d0lf482l,"all,300823,qr,phimdvb",300823.237
https://zhxt8f.zahe.site/video/play/1108.html#26x4x002,"all,300823,qr,phimdvb",300823.238
https://t4h446.luange.shop/video/play/1108.html#n4pf2rn6,"all,300823,qr,phimdvb",300823.239
http://226z2d.jiepu.fun/video/play/1108.html#66842pz0,"all,300823,qr,phimdvb",300823.240
http://lxh6bb.chende.site/tMg46#4l0dn4tv,"all,300823,qr,9b",300823.241
https://42x62l.zahe.site/tMg46#0j2pn2l0,"all,300823,qr,9b",300823.242
https://2tttn8.luange.shop/tMg46#6vrd28z4,"all,300823,qr,9b",300823.243
http://8pnl26.jiepu.fun/tMg46#d4d4z4bb,"all,300823,qr,9b",300823.244
http://8b4xj4.dentu.store/tMg46#8rn6t422,"all,300823,qr,9b",300823.245
http://t008hz.junte.shop/tMg46#6lj8j28f,"all,300823,qr,9b",300823.246
http://b28608.maore.store/tMg46#24p0b62z,"all,300823,qr,9b",300823.247
http://22z008.soure.online/tMg46#26nv0x8l,"all,300823,qr,9b",300823.248
http://0x68d8.jingpu.online/tMg46#62x0v808,"all,300823,qr,9b",300823.249
http://66xnnt.yingpa.online/tMg46#vhv62t2v,"all,300823,qr,9b",300823.250
http://620x60.yuanza.store/tMg46#08v422dh,"all,300823,qr,9b",300823.251
http://v84nz0.laifu.xyz/tMg46#z8dfv0nx,"all,300823,qr,9b",300823.252
http://8jb6bf.chende.site/tMg46#6rj88f04,"all,300823,qr,9b",300823.253
https://p884xj.zahe.site/tMg46#zvt8h08v,"all,300823,qr,9b",300823.254
https://8x8284.luange.shop/tMg46#4048n8fr,"all,300823,qr,9b",300823.255
http://4z84rr.jiepu.fun/tMg46#nl66r86p,"all,300823,qr,9b",300823.256
http://rn0226.dentu.store/tMg46#46bft22r,"all,300823,qr,9b",300823.257
http://668p62.junte.shop/tMg46#8bfrxb44,"all,300823,qr,9b",300823.258
http://0fp4b2.maore.store/tMg46#48n20lzz,"all,300823,qr,9b",300823.259
http://zrrt6h.soure.online/tMg46#0p6h46t2,"all,300823,qr,9b",300823.260
http://64vbn2.jingpu.online/tMg46#pzvhrvbd,"all,300823,qr,9b",300823.261
http://4hn820.yingpa.online/tMg46#00lr8r84,"all,300823,qr,9b",300823.262
http://06v880.yuanza.store/tMg46#2822n2x6,"all,300823,qr,9b",300823.263
http://p8h088.laifu.xyz/tMg46#20z2028p,"all,300823,qr,9b",300823.264
http://d6xx26.chende.site/tMg46#4b8nf48l,"all,300823,qr,9b",300823.265
https://nnpp02.zahe.site/tMg46#nfv8hvdr,"all,300823,qr,9b",300823.266
https://db4l04.luange.shop/tMg46#68n24jj8,"all,300823,qr,9b",300823.267
http://6b86fr.jiepu.fun/tMg46#04l664pd,"all,300823,qr,9b",300823.268
http://2d2x0x.dentu.store/tMg46#t4f44088,"all,300823,qr,9b",300823.269
http://82844j.junte.shop/tMg46#620tpnjj,"all,300823,qr,9b",300823.270
http://4r8b40.maore.store/tMg46#v28l4l64,"all,300823,qr,9b",300823.271
http://x242bt.soure.online/tMg46#x6vhn440,"all,300823,qr,9b",300823.272
http://42v604.jingpu.online/tMg46#0lx2vf44,"all,300823,qr,9b",300823.273
http://60d844.yingpa.online/tMg46#6d204j6n,"all,300823,qr,9b",300823.274
http://lfhpxd.yuanza.store/tMg46#j00648n4,"all,300823,qr,9b",300823.275
http://0h480n.laifu.xyz/tMg46#64d40468,"all,300823,qr,9b",300823.276
http://lbp2br.chende.site/tMg46#6t4bl2p2,"all,300823,qr,9b",300823.277
https://2tf064.zahe.site/tMg46#l0080j82,"all,300823,qr,9b",300823.278
https://66t4dr.luange.shop/tMg46#ppl4xn0h,"all,300823,qr,9b",300823.279
http://fz08vx.jiepu.fun/tMg46#0l264820,"all,300823,qr,9b",300823.280
http://np4r8j.chende.site/Jy5M8#2df8h848,"all,300823,qr,gtvhd",300823.281
https://0n60t0.zahe.site/Jy5M8#8p22400h,"all,300823,qr,gtvhd",300823.282
https://t4h0th.luange.shop/Jy5M8#hvxn0248,"all,300823,qr,gtvhd",300823.283
http://22xndp.jiepu.fun/Jy5M8#4prd0hzh,"all,300823,qr,gtvhd",300823.284
http://644z0p.dentu.store/Jy5M8#t0xd08n0,"all,300823,qr,gtvhd",300823.285
http://b2xr44.junte.shop/Jy5M8#z2jbjnp4,"all,300823,qr,gtvhd",300823.286
http://08xj40.maore.store/Jy5M8#z6088400,"all,300823,qr,gtvhd",300823.287
http://6z8tt0.soure.online/Jy5M8#nn668j64,"all,300823,qr,gtvhd",300823.288
http://0j44l2.jingpu.online/Jy5M8#6vpt4248,"all,300823,qr,gtvhd",300823.289
http://dd4rn2.yingpa.online/Jy5M8#tzp468p8,"all,300823,qr,gtvhd",300823.290
http://pxl2zb.yuanza.store/Jy5M8#6rhzf466,"all,300823,qr,gtvhd",300823.291
http://xr6b20.laifu.xyz/Jy5M8#6v68l64h,"all,300823,qr,gtvhd",300823.292
http://6ln06l.chende.site/Jy5M8#42020hh4,"all,300823,qr,gtvhd",300823.293
https://f42t6r.zahe.site/Jy5M8#thv8tx0d,"all,300823,qr,gtvhd",300823.294
https://n6zlf6.luange.shop/Jy5M8#0vvln68p,"all,300823,qr,gtvhd",300823.295
http://f80vlf.jiepu.fun/Jy5M8#np00xfv2,"all,300823,qr,gtvhd",300823.296
http://rt86bp.dentu.store/Jy5M8#2tfz48h6,"all,300823,qr,gtvhd",300823.297
http://2z04jx.junte.shop/Jy5M8#v6p82484,"all,300823,qr,gtvhd",300823.298
http://26z80z.maore.store/Jy5M8#f4802nnz,"all,300823,qr,gtvhd",300823.299
http://jjrrh8.soure.online/Jy5M8#488f046t,"all,300823,qr,gtvhd",300823.300
http://p0bbdn.jingpu.online/Jy5M8#46n0v6n4,"all,300823,qr,gtvhd",300823.301
http://lx0l88.yingpa.online/Jy5M8#pvdhnx02,"all,300823,qr,gtvhd",300823.302
http://h46r4d.yuanza.store/Jy5M8#6vflp26n,"all,300823,qr,gtvhd",300823.303
http://48624r.laifu.xyz/Jy5M8#j48xf2b6,"all,300823,qr,gtvhd",300823.304
http://6h84t0.chende.site/Jy5M8#p8hnj0xh,"all,300823,qr,gtvhd",300823.305
https://t00vn4.zahe.site/Jy5M8#26pj6dhx,"all,300823,qr,gtvhd",300823.306
https://64z86j.luange.shop/Jy5M8#x2628620,"all,300823,qr,gtvhd",300823.307
http://xn24ln.jiepu.fun/Jy5M8#0nrn88h2,"all,300823,qr,gtvhd",300823.308
http://66tx0r.dentu.store/Jy5M8#b4zp2jd4,"all,300823,qr,gtvhd",300823.309
http://v220ft.junte.shop/Jy5M8#jd2l0df4,"all,300823,qr,gtvhd",300823.310
http://80p622.maore.store/Jy5M8#d8nv2tl4,"all,300823,qr,gtvhd",300823.311
http://fj2288.soure.online/Jy5M8#8f4hlz4z,"all,300823,qr,gtvhd",300823.312
http://n60x26.jingpu.online/Jy5M8#phn4nj0n,"all,300823,qr,gtvhd",300823.313
http://d0jb6r.yingpa.online/Jy5M8#xr688hft,"all,300823,qr,gtvhd",300823.314
http://6068rt.yuanza.store/Jy5M8#6ld666n0,"all,300823,qr,gtvhd",300823.315
http://j2ll2l.laifu.xyz/Jy5M8#88244rdx,"all,300823,qr,gtvhd",300823.316
http://n8hh4f.chende.site/Jy5M8#6dx0dh04,"all,300823,qr,gtvhd",300823.317
https://840l86.zahe.site/Jy5M8#26n46824,"all,300823,qr,gtvhd",300823.318
https://brnl26.luange.shop/Jy5M8#2pt26228,"all,300823,qr,gtvhd",300823.319
http://t0nnpt.jiepu.fun/Jy5M8#0jrtn4v2,"all,300823,qr,gtvhd",300823.320
http://j0r280.chende.site/x4Qnz#v8p4x0hh,"all,300823,qr,mdccccncs",300823.321
https://pltrt2.zahe.site/x4Qnz#4b6tfx8f,"all,300823,qr,mdccccncs",300823.322
https://88frb6.luange.shop/x4Qnz#0j64606v,"all,300823,qr,mdccccncs",300823.323
http://208040.jiepu.fun/x4Qnz#6p0xd00v,"all,300823,qr,mdccccncs",300823.324
http://6tj204.dentu.store/x4Qnz#j86bhrlp,"all,300823,qr,mdccccncs",300823.325
http://2b466n.junte.shop/x4Qnz#j82v2x28,"all,300823,qr,mdccccncs",300823.326
http://j0dv8h.maore.store/x4Qnz#r464r0p6,"all,300823,qr,mdccccncs",300823.327
http://d6trz2.soure.online/x4Qnz#40p0zlh8,"all,300823,qr,mdccccncs",300823.328
http://tpbt0t.jingpu.online/x4Qnz#2j2jpl6v,"all,300823,qr,mdccccncs",300823.329
http://4tt084.yingpa.online/x4Qnz#2tdbfv62,"all,300823,qr,mdccccncs",300823.330
http://4plh88.yuanza.store/x4Qnz#0nf6z800,"all,300823,qr,mdccccncs",300823.331
http://26f0n6.laifu.xyz/x4Qnz#8x088408,"all,300823,qr,mdccccncs",300823.332
http://h8hhbz.chende.site/x4Qnz#2804x4vv,"all,300823,qr,mdccccncs",300823.333
https://2vlff0.zahe.site/x4Qnz#vp2t0jb0,"all,300823,qr,mdccccncs",300823.334
https://tp42dh.luange.shop/x4Qnz#fj4pz0h8,"all,300823,qr,mdccccncs",300823.335
http://f2b0n4.jiepu.fun/x4Qnz#h6fv6d8l,"all,300823,qr,mdccccncs",300823.336
http://jz0688.dentu.store/x4Qnz#f44t0626,"all,300823,qr,mdccccncs",300823.337
http://n00ndn.junte.shop/x4Qnz#44688646,"all,300823,qr,mdccccncs",300823.338
http://8z6448.maore.store/x4Qnz#tvrxnr6j,"all,300823,qr,mdccccncs",300823.339
http://n406b8.soure.online/x4Qnz#z8006284,"all,300823,qr,mdccccncs",300823.340
http://2nj6t2.jingpu.online/x4Qnz#6v04d64v,"all,300823,qr,mdccccncs",300823.341
http://zhx8ld.yingpa.online/x4Qnz#nxbvpr82,"all,300823,qr,mdccccncs",300823.342
http://684h28.yuanza.store/x4Qnz#x22b880d,"all,300823,qr,mdccccncs",300823.343
http://2zxh40.laifu.xyz/x4Qnz#0ln00lt2,"all,300823,qr,mdccccncs",300823.344
http://x0dxfn.chende.site/x4Qnz#48r4b24v,"all,300823,qr,mdccccncs",300823.345
https://d86p0x.zahe.site/x4Qnz#hf8rnv20,"all,300823,qr,mdccccncs",300823.346
https://0fph84.luange.shop/x4Qnz#4hv46606,"all,300823,qr,mdccccncs",300823.347
http://jjx4z8.jiepu.fun/x4Qnz#hxrt4r48,"all,300823,qr,mdccccncs",300823.348
http://24842j.dentu.store/x4Qnz#dp4hz20f,"all,300823,qr,mdccccncs",300823.349
http://vx0ph2.junte.shop/x4Qnz#nvn26t40,"all,300823,qr,mdccccncs",300823.350
http://hbj64x.maore.store/x4Qnz#nflh8jhz,"all,300823,qr,mdccccncs",300823.351
http://8240d0.soure.online/x4Qnz#2084fzbb,"all,300823,qr,mdccccncs",300823.352
http://2htj68.jingpu.online/x4Qnz#6fhft6t4,"all,300823,qr,mdccccncs",300823.353
http://n60z6t.yingpa.online/x4Qnz#nfv8jpj2,"all,300823,qr,mdccccncs",300823.354
http://vl0lf2.yuanza.store/x4Qnz#62xph22n,"all,300823,qr,mdccccncs",300823.355
http://642vx8.laifu.xyz/x4Qnz#462phhd8,"all,300823,qr,mdccccncs",300823.356
http://v00r88.chende.site/x4Qnz#6z86fz8b,"all,300823,qr,mdccccncs",300823.357
https://pl06t0.zahe.site/x4Qnz#6nx40d2r,"all,300823,qr,mdccccncs",300823.358
https://d68brn.luange.shop/x4Qnz#v06460fv,"all,300823,qr,mdccccncs",300823.359
http://j0n2x4.jiepu.fun/x4Qnz#hdf8p86j,"all,300823,qr,mdccccncs",300823.360
http://204nfz.chende.site/kCzfH#bzj24tv4,"all,300823,qr,mqdtttgct",300823.361
https://txt88b.zahe.site/kCzfH#42b0pnb4,"all,300823,qr,mqdtttgct",300823.362
https://xd2266.luange.shop/kCzfH#b6082ddn,"all,300823,qr,mqdtttgct",300823.363
http://66l442.jiepu.fun/kCzfH#268nfzt8,"all,300823,qr,mqdtttgct",300823.364
http://40z28h.dentu.store/kCzfH#224b6664,"all,300823,qr,mqdtttgct",300823.365
http://r466rz.junte.shop/kCzfH#v4b64jdr,"all,300823,qr,mqdtttgct",300823.366
http://422llh.maore.store/kCzfH#dxp0nn86,"all,300823,qr,mqdtttgct",300823.367
http://thb2fh.soure.online/kCzfH#4fjv642l,"all,300823,qr,mqdtttgct",300823.368
http://02f2d4.jingpu.online/kCzfH#rdx886dn,"all,300823,qr,mqdtttgct",300823.369
http://4p0242.yingpa.online/kCzfH#2880hx62,"all,300823,qr,mqdtttgct",300823.370
http://2026rp.yuanza.store/kCzfH#lp6x628v,"all,300823,qr,mqdtttgct",300823.371
http://rjf4n0.laifu.xyz/kCzfH#lhr0r2z2,"all,300823,qr,mqdtttgct",300823.372
http://2f0r6p.chende.site/kCzfH#6b0r6d08,"all,300823,qr,mqdtttgct",300823.373
https://tlpfpp.zahe.site/kCzfH#442b6882,"all,300823,qr,mqdtttgct",300823.374
https://zj208v.luange.shop/kCzfH#ffb2000f,"all,300823,qr,mqdtttgct",300823.375
http://04j042.jiepu.fun/kCzfH#lrl8n88j,"all,300823,qr,mqdtttgct",300823.376
http://h4nr88.dentu.store/kCzfH#8464fll4,"all,300823,qr,mqdtttgct",300823.377
http://zrvprd.junte.shop/kCzfH#2x0xbd86,"all,300823,qr,mqdtttgct",300823.378
http://bnz6pn.maore.store/kCzfH#df8hvhb6,"all,300823,qr,mqdtttgct",300823.379
http://j6t080.soure.online/kCzfH#24pxv284,"all,300823,qr,mqdtttgct",300823.380
http://tp8hb2.jingpu.online/kCzfH#v4d620n0,"all,300823,qr,mqdtttgct",300823.381
http://0h0jh6.yingpa.online/kCzfH#x6046f84,"all,300823,qr,mqdtttgct",300823.382
http://xz428v.yuanza.store/kCzfH#b4dz22x0,"all,300823,qr,mqdtttgct",300823.383
http://vpz428.laifu.xyz/kCzfH#h44r84vp,"all,300823,qr,mqdtttgct",300823.384
http://jbr82l.chende.site/kCzfH#fhfl4f68,"all,300823,qr,mqdtttgct",300823.385
https://6j08vd.zahe.site/kCzfH#j00dr6jf,"all,300823,qr,mqdtttgct",300823.386
https://pnp402.luange.shop/kCzfH#2pfrpvfn,"all,300823,qr,mqdtttgct",300823.387
http://j4d826.jiepu.fun/kCzfH#4800d0b0,"all,300823,qr,mqdtttgct",300823.388
http://80z408.dentu.store/kCzfH#0v28bb0l,"all,300823,qr,mqdtttgct",300823.389
http://jx28vb.junte.shop/kCzfH#6f8zd04n,"all,300823,qr,mqdtttgct",300823.390
http://8n28xh.maore.store/kCzfH#68n84408,"all,300823,qr,mqdtttgct",300823.391
http://n06dtl.soure.online/kCzfH#6jj246h2,"all,300823,qr,mqdtttgct",300823.392
http://bl08x0.jingpu.online/kCzfH#0f4xb2v4,"all,300823,qr,mqdtttgct",300823.393
http://06bj44.yingpa.online/kCzfH#6jt0xtv0,"all,300823,qr,mqdtttgct",300823.394
http://l6jhbd.yuanza.store/kCzfH#28tjxtf8,"all,300823,qr,mqdtttgct",300823.395
http://vjj60d.laifu.xyz/kCzfH#8p4p62h8,"all,300823,qr,mqdtttgct",300823.396
http://bftdrf.chende.site/kCzfH#28n44prz,"all,300823,qr,mqdtttgct",300823.397
https://hht8b0.zahe.site/kCzfH#8vvn4626,"all,300823,qr,mqdtttgct",300823.398
https://jl6ljn.luange.shop/kCzfH#8486lxx0,"all,300823,qr,mqdtttgct",300823.399
http://8v8b8h.jiepu.fun/kCzfH#88x44fd2,"all,300823,qr,mqdtttgct",300823.400
http://4dhhx0.chende.site/1nM6#2h0z6tnh,"all,300823,qr,3t",300823.401
https://l666lv.zahe.site/1nM6#0rjbj200,"all,300823,qr,3t",300823.402
https://j2x40d.luange.shop/1nM6#0ln06n88,"all,300823,qr,3t",300823.403
http://n6p008.jiepu.fun/1nM6#v6tdtn8f,"all,300823,qr,3t",300823.404
http://022b28.dentu.store/1nM6#trv0jnl0,"all,300823,qr,3t",300823.405
http://zlh0ln.junte.shop/1nM6#6rrn6pf8,"all,300823,qr,3t",300823.406
http://22bdbf.maore.store/1nM6#bh4rb2h2,"all,300823,qr,3t",300823.407
http://20x804.soure.online/1nM6#p2zlz2np,"all,300823,qr,3t",300823.408
http://800b40.jingpu.online/1nM6#8ld00hdd,"all,300823,qr,3t",300823.409
http://lrzxfl.yingpa.online/1nM6#xv06p822,"all,300823,qr,3t",300823.410
http://0p424f.yuanza.store/1nM6#6htb6b6l,"all,300823,qr,3t",300823.411
http://4642h0.laifu.xyz/1nM6#4jpvfz8b,"all,300823,qr,3t",300823.412
http://4tzvrb.chende.site/1nM6#2jp40x4d,"all,300823,qr,3t",300823.413
https://6h28jt.zahe.site/1nM6#2l20x0t0,"all,300823,qr,3t",300823.414
https://vzd2xt.luange.shop/1nM6#hj602j46,"all,300823,qr,3t",300823.415
http://684l06.jiepu.fun/1nM6#p6820hz4,"all,300823,qr,3t",300823.416
http://v8d4b2.dentu.store/1nM6#v0j62v6p,"all,300823,qr,3t",300823.417
http://pz0f2f.junte.shop/1nM6#nrvrxh8l,"all,300823,qr,3t",300823.418
http://rzl66p.maore.store/1nM6#848nn2r8,"all,300823,qr,3t",300823.419
http://8p8rtr.soure.online/1nM6#j2h042r8,"all,300823,qr,3t",300823.420
http://xb804x.jingpu.online/1nM6#n2280x42,"all,300823,qr,3t",300823.421
http://f0fz44.yingpa.online/1nM6#0xjnrrj6,"all,300823,qr,3t",300823.422
http://dx224r.yuanza.store/1nM6#04x28204,"all,300823,qr,3t",300823.423
http://6bphxd.laifu.xyz/1nM6#fd40f6b2,"all,300823,qr,3t",300823.424
http://b4vdz8.chende.site/1nM6#tlv8442p,"all,300823,qr,3t",300823.425
https://40z08r.zahe.site/1nM6#6rbf8466,"all,300823,qr,3t",300823.426
https://n0n8nh.luange.shop/1nM6#p2vz4vj4,"all,300823,qr,3t",300823.427
http://46bb4t.jiepu.fun/1nM6#844jt624,"all,300823,qr,3t",300823.428
http://dh6620.dentu.store/1nM6#8p0d4x0v,"all,300823,qr,3t",300823.429
http://0r8286.junte.shop/1nM6#jzt26082,"all,300823,qr,3t",300823.430
http://60ntx6.maore.store/1nM6#468nxz0z,"all,300823,qr,3t",300823.431
http://0b6zlf.soure.online/1nM6#z8df2lt8,"all,300823,qr,3t",300823.432
http://4xr6vf.jingpu.online/1nM6#6ptdxpth,"all,300823,qr,3t",300823.433
http://b0hh4t.yingpa.online/1nM6#8x000d4r,"all,300823,qr,3t",300823.434
http://n4xf8f.yuanza.store/1nM6#hjx64h8j,"all,300823,qr,3t",300823.435
http://0lnt6n.laifu.xyz/1nM6#6066vlf4,"all,300823,qr,3t",300823.436
http://xdr6r0.chende.site/1nM6#06rr248d,"all,300823,qr,3t",300823.437
https://2vzljh.zahe.site/1nM6#p4nt006d,"all,300823,qr,3t",300823.438
https://604624.luange.shop/1nM6#62h2fv8j,"all,300823,qr,3t",300823.439
http://f48ht8.jiepu.fun/1nM6#x42d4nl2,"all,300823,qr,3t",300823.440
http://40l4x8.chende.site/1nM6#2tv0zd6x,"all,300823,qr,app3t",300823.441
https://4p00pl.zahe.site/1nM6#2ltf0x00,"all,300823,qr,app3t",300823.442
https://2zxvtd.luange.shop/1nM6#24h8400b,"all,300823,qr,app3t",300823.443
http://2j8p8t.jiepu.fun/1nM6#bx8z80r0,"all,300823,qr,app3t",300823.444
http://4fbrxv.dentu.store/1nM6#hbdxlnl0,"all,300823,qr,app3t",300823.445
http://8x0n0l.junte.shop/1nM6#0f642686,"all,300823,qr,app3t",300823.446
http://84dnvf.maore.store/1nM6#6l06jv20,"all,300823,qr,app3t",300823.447
http://t4j8j0.soure.online/1nM6#84jd42xd,"all,300823,qr,app3t",300823.448
http://042jr8.jingpu.online/1nM6#46bnv464,"all,300823,qr,app3t",300823.449
http://42f4x8.yingpa.online/1nM6#000h4jr4,"all,300823,qr,app3t",300823.450
http://0h2lh6.yuanza.store/1nM6#4jz0pdb4,"all,300823,qr,app3t",300823.451
http://84v626.laifu.xyz/1nM6#vp20d46b,"all,300823,qr,app3t",300823.452
http://462p2p.chende.site/1nM6#62vxxbbl,"all,300823,qr,app3t",300823.453
https://88pflz.zahe.site/1nM6#68246j4z,"all,300823,qr,app3t",300823.454
https://jvz408.luange.shop/1nM6#zpd42020,"all,300823,qr,app3t",300823.455
http://d46z46.jiepu.fun/1nM6#260p0222,"all,300823,qr,app3t",300823.456
http://bndb6n.dentu.store/1nM6#jhl86468,"all,300823,qr,app3t",300823.457
http://xpjz06.junte.shop/1nM6#02tn04b4,"all,300823,qr,app3t",300823.458
http://6h0j6j.maore.store/1nM6#6424r4r8,"all,300823,qr,app3t",300823.459
http://8fh86v.soure.online/1nM6#zp8lj620,"all,300823,qr,app3t",300823.460
http://24n8t6.jingpu.online/1nM6#62t08pv0,"all,300823,qr,app3t",300823.461
http://0dbv0j.yingpa.online/1nM6#6tjjvx48,"all,300823,qr,app3t",300823.462
http://620hvp.yuanza.store/1nM6#rnj4rb0b,"all,300823,qr,app3t",300823.463
http://lhv468.laifu.xyz/1nM6#z68dlln0,"all,300823,qr,app3t",300823.464
http://dfv4nb.chende.site/1nM6#6vrn44f0,"all,300823,qr,app3t",300823.465
https://2j6206.zahe.site/1nM6#00z4002j,"all,300823,qr,app3t",300823.466
https://zr6j04.luange.shop/1nM6#6r6pjpbp,"all,300823,qr,app3t",300823.467
http://0j6tn0.jiepu.fun/1nM6#l0dp2vn2,"all,300823,qr,app3t",300823.468
http://282fx0.dentu.store/1nM6#6fvnjj0n,"all,300823,qr,app3t",300823.469
http://rltv66.junte.shop/1nM6#b64466hp,"all,300823,qr,app3t",300823.470
http://8ztlb6.maore.store/1nM6#r6p02bhv,"all,300823,qr,app3t",300823.471
http://rp6084.soure.online/1nM6#82brbzb0,"all,300823,qr,app3t",300823.472
http://ldf40n.jingpu.online/1nM6#2x2xjdb4,"all,300823,qr,app3t",300823.473
http://b0422v.yingpa.online/1nM6#d24j8xzh,"all,300823,qr,app3t",300823.474
http://2vnn8x.yuanza.store/1nM6#0fpx220p,"all,300823,qr,app3t",300823.475
http://l40lv8.laifu.xyz/1nM6#z60z46d0,"all,300823,qr,app3t",300823.476
http://8fxt44.chende.site/1nM6#n20p8zxp,"all,300823,qr,app3t",300823.477
https://nl8t88.zahe.site/1nM6#jh8t8djx,"all,300823,qr,app3t",300823.478
https://4n0n4f.luange.shop/1nM6#8fnv2p88,"all,300823,qr,app3t",300823.479
http://422vd0.jiepu.fun/1nM6#42jrj4fr,"all,300823,qr,app3t",300823.480
http://r8r08z.chende.site/GnoF#t80448l4,"all,300823,qr,webMHN",300823.481
https://22002h.zahe.site/GnoF#86404z24,"all,300823,qr,webMHN",300823.482
https://bp62l2.luange.shop/GnoF#0dt4r6l6,"all,300823,qr,webMHN",300823.483
http://2tp60b.jiepu.fun/GnoF#v002bp86,"all,300823,qr,webMHN",300823.484
http://82264n.dentu.store/GnoF#jh4684x4,"all,300823,qr,webMHN",300823.485
http://f6xz04.junte.shop/GnoF#8f0806tp,"all,300823,qr,webMHN",300823.486
http://x4b024.maore.store/GnoF#dn26jf42,"all,300823,qr,webMHN",300823.487
http://48nrtb.soure.online/GnoF#60tf4lz2,"all,300823,qr,webMHN",300823.488
http://82jztr.jingpu.online/GnoF#8ft4n466,"all,300823,qr,webMHN",300823.489
http://40868j.yingpa.online/GnoF#8bx4njbl,"all,300823,qr,webMHN",300823.490
http://zv2t84.yuanza.store/GnoF#xf00r2nd,"all,300823,qr,webMHN",300823.491
http://0v80x4.laifu.xyz/GnoF#228664h8,"all,300823,qr,webMHN",300823.492
http://8ll6l2.chende.site/GnoF#4vj064dl,"all,300823,qr,webMHN",300823.493
https://vb4v86.zahe.site/GnoF#600644vl,"all,300823,qr,webMHN",300823.494
https://48b40j.luange.shop/GnoF#06hdb248,"all,300823,qr,webMHN",300823.495
http://t48426.jiepu.fun/GnoF#26040f60,"all,300823,qr,webMHN",300823.496
http://d0nn44.dentu.store/GnoF#2zph28h0,"all,300823,qr,webMHN",300823.497
http://r2zj4p.junte.shop/GnoF#rhtzzl2p,"all,300823,qr,webMHN",300823.498
http://08rfj8.maore.store/GnoF#2t242x68,"all,300823,qr,webMHN",300823.499
http://rb8z26.soure.online/GnoF#4r862j4b,"all,300823,qr,webMHN",300823.500
http://4dd664.jingpu.online/GnoF#2b40d642,"all,300823,qr,webMHN",300823.501
http://h4xtdx.yingpa.online/GnoF#njjf0bt0,"all,300823,qr,webMHN",300823.502
http://r68tdd.yuanza.store/GnoF#28zx2jff,"all,300823,qr,webMHN",300823.503
http://06p6dr.laifu.xyz/GnoF#n244d422,"all,300823,qr,webMHN",300823.504
http://8rv66n.chende.site/GnoF#2npft86d,"all,300823,qr,webMHN",300823.505
https://jrdh6j.zahe.site/GnoF#t46z24vj,"all,300823,qr,webMHN",300823.506
https://4z06p6.luange.shop/GnoF#8bbhz2hv,"all,300823,qr,webMHN",300823.507
http://dzfd8x.jiepu.fun/GnoF#v6h4vr4j,"all,300823,qr,webMHN",300823.508
http://8z84bl.dentu.store/GnoF#f4h6p4j0,"all,300823,qr,webMHN",300823.509
http://j4vvj6.junte.shop/GnoF#d4606zf0,"all,300823,qr,webMHN",300823.510
http://z24868.maore.store/GnoF#h8rx028z,"all,300823,qr,webMHN",300823.511
http://8jt40v.soure.online/GnoF#bx8pbv46,"all,300823,qr,webMHN",300823.512
http://4d606j.jingpu.online/GnoF#vpl4n684,"all,300823,qr,webMHN",300823.513
http://f20206.yingpa.online/GnoF#rb406x0t,"all,300823,qr,webMHN",300823.514
http://dr4t46.yuanza.store/GnoF#202bb28b,"all,300823,qr,webMHN",300823.515
http://6682pv.laifu.xyz/GnoF#d4nh8vrn,"all,300823,qr,webMHN",300823.516
http://002xv4.chende.site/GnoF#4460n64r,"all,300823,qr,webMHN",300823.517
https://pdb68f.zahe.site/GnoF#2z80800b,"all,300823,qr,webMHN",300823.518
https://zbzdr2.luange.shop/GnoF#2l66fzf4,"all,300823,qr,webMHN",300823.519
http://8nd06n.jiepu.fun/GnoF#r8b268z0,"all,300823,qr,webMHN",300823.520
http://2bhjf4.chende.site/5kU6#6t004zpj,"all,300823,qr,webCK",300823.521
https://48646l.zahe.site/5kU6#86nzzzpr,"all,300823,qr,webCK",300823.522
https://6t28z4.luange.shop/5kU6#d2d0nxx0,"all,300823,qr,webCK",300823.523
http://xz8pn8.jiepu.fun/5kU6#zh2l6l4r,"all,300823,qr,webCK",300823.524
http://h42686.dentu.store/5kU6#br62vxhp,"all,300823,qr,webCK",300823.525
http://r26266.junte.shop/5kU6#z64f4d0n,"all,300823,qr,webCK",300823.526
http://tnn622.maore.store/5kU6#2zv8vt0d,"all,300823,qr,webCK",300823.527
http://b8tvv8.soure.online/5kU6#tf8xl488,"all,300823,qr,webCK",300823.528
http://h48zf2.jingpu.online/5kU6#jfxpxz84,"all,300823,qr,webCK",300823.529
http://x06jr0.yingpa.online/5kU6#84402n42,"all,300823,qr,webCK",300823.530
http://00tzth.yuanza.store/5kU6#nn64f0d8,"all,300823,qr,webCK",300823.531
http://j8v402.laifu.xyz/5kU6#nv80hzj2,"all,300823,qr,webCK",300823.532
http://804d8l.chende.site/5kU6#8t64vvn2,"all,300823,qr,webCK",300823.533
https://88dhj4.zahe.site/5kU6#8f2v6hrn,"all,300823,qr,webCK",300823.534
https://j8r2d2.luange.shop/5kU6#0j842v04,"all,300823,qr,webCK",300823.535
http://4pt0xx.jiepu.fun/5kU6#r48v8ht2,"all,300823,qr,webCK",300823.536
http://42rjv2.dentu.store/5kU6#d00642r0,"all,300823,qr,webCK",300823.537
http://rn444n.junte.shop/5kU6#f40t680p,"all,300823,qr,webCK",300823.538
http://8pp28x.maore.store/5kU6#hdtj8j8t,"all,300823,qr,webCK",300823.539
http://4ndbr0.soure.online/5kU6#l2t82h22,"all,300823,qr,webCK",300823.540
http://b6hz86.jingpu.online/5kU6#4dx2j6tz,"all,300823,qr,webCK",300823.541
http://lhlhf4.yingpa.online/5kU6#bz6x0l0n,"all,300823,qr,webCK",300823.542
http://b48fn0.yuanza.store/5kU6#hvl884z0,"all,300823,qr,webCK",300823.543
http://680246.laifu.xyz/5kU6#8642hx26,"all,300823,qr,webCK",300823.544
http://282n46.chende.site/5kU6#zhzzx826,"all,300823,qr,webCK",300823.545
https://p2jftb.zahe.site/5kU6#0j82d8vp,"all,300823,qr,webCK",300823.546
https://286n2v.luange.shop/5kU6#02jp4688,"all,300823,qr,webCK",300823.547
http://z0ppzt.jiepu.fun/5kU6#0zbnn406,"all,300823,qr,webCK",300823.548
http://vvlzr2.dentu.store/5kU6#4dpl4rdf,"all,300823,qr,webCK",300823.549
http://6tln8t.junte.shop/5kU6#28px46d4,"all,300823,qr,webCK",300823.550
http://hz0d02.maore.store/5kU6#0p626v64,"all,300823,qr,webCK",300823.551
http://6pbr42.soure.online/5kU6#2402rx66,"all,300823,qr,webCK",300823.552
http://lf6t6f.jingpu.online/5kU6#2rx0d408,"all,300823,qr,webCK",300823.553
http://nppnz8.yingpa.online/5kU6#d02xbx88,"all,300823,qr,webCK",300823.554
http://z62042.yuanza.store/5kU6#bz0flbf6,"all,300823,qr,webCK",300823.555
http://2lnrj6.laifu.xyz/5kU6#n80l20l0,"all,300823,qr,webCK",300823.556
http://8rh02v.chende.site/5kU6#6j40b40p,"all,300823,qr,webCK",300823.557
https://868bz8.zahe.site/5kU6#d6r04p82,"all,300823,qr,webCK",300823.558
https://xv4882.luange.shop/5kU6#0t400f0h,"all,300823,qr,webCK",300823.559
http://hxffn0.jiepu.fun/5kU6#n80xl4vh,"all,300823,qr,webCK",300823.560
http://v0668v.chende.site/yJipG#fhv240t2,"all,300823,qr,webDafa",300823.561
https://r6prl4.zahe.site/yJipG#dv60xnnn,"all,300823,qr,webDafa",300823.562
https://b2z428.luange.shop/yJipG#f8p08zht,"all,300823,qr,webDafa",300823.563
http://602d48.jiepu.fun/yJipG#2n804080,"all,300823,qr,webDafa",300823.564
http://4b6pfz.dentu.store/yJipG#8f2j4f80,"all,300823,qr,webDafa",300823.565
http://8n2j04.junte.shop/yJipG#4r0d2j44,"all,300823,qr,webDafa",300823.566
http://p8bf4p.maore.store/yJipG#tlv8d0b4,"all,300823,qr,webDafa",300823.567
http://2r4d86.soure.online/yJipG#t0f6l4xd,"all,300823,qr,webDafa",300823.568
http://h0b68z.jingpu.online/yJipG#466v8nh4,"all,300823,qr,webDafa",300823.569
http://b26vrt.yingpa.online/yJipG#04p4xv04,"all,300823,qr,webDafa",300823.570
http://2xv666.yuanza.store/yJipG#68j4zb4r,"all,300823,qr,webDafa",300823.571
http://x8rpr2.laifu.xyz/yJipG#8xbv20zh,"all,300823,qr,webDafa",300823.572
http://nz8f46.chende.site/yJipG#0fv8nnl8,"all,300823,qr,webDafa",300823.573
https://8x20r0.zahe.site/yJipG#86n66hxv,"all,300823,qr,webDafa",300823.574
https://vn68b6.luange.shop/yJipG#84bp20dr,"all,300823,qr,webDafa",300823.575
http://6nj624.jiepu.fun/yJipG#0p80tlh8,"all,300823,qr,webDafa",300823.576
http://j4hzj8.dentu.store/yJipG#4v0t40r2,"all,300823,qr,webDafa",300823.577
http://fvx0zp.junte.shop/yJipG#dx8tlf2f,"all,300823,qr,webDafa",300823.578
http://bvvrtt.maore.store/yJipG#062ln8rr,"all,300823,qr,webDafa",300823.579
http://vtf6vz.soure.online/yJipG#4z4td8hp,"all,300823,qr,webDafa",300823.580
http://008tlr.jingpu.online/yJipG#zl6hn4f6,"all,300823,qr,webDafa",300823.581
http://2t088f.yingpa.online/yJipG#vp2dn600,"all,300823,qr,webDafa",300823.582
http://f8j86x.yuanza.store/yJipG#jb6j0d8v,"all,300823,qr,webDafa",300823.583
http://trr420.laifu.xyz/yJipG#xjpj2v40,"all,300823,qr,webDafa",300823.584
http://n0486t.chende.site/yJipG#r6h2x02h,"all,300823,qr,webDafa",300823.585
https://tx68z0.zahe.site/yJipG#zdnj4h0j,"all,300823,qr,webDafa",300823.586
https://x6jlzt.luange.shop/yJipG#nznf0nj4,"all,300823,qr,webDafa",300823.587
http://28t022.jiepu.fun/yJipG#2x484tf0,"all,300823,qr,webDafa",300823.588
http://0thnp2.dentu.store/yJipG#0fl00b0j,"all,300823,qr,webDafa",300823.589
http://8p4866.junte.shop/yJipG#264d8zhp,"all,300823,qr,webDafa",300823.590
http://x0lll2.maore.store/yJipG#dfdtl008,"all,300823,qr,webDafa",300823.591
http://v0vtv4.soure.online/yJipG#r4688lb0,"all,300823,qr,webDafa",300823.592
http://86nl6l.jingpu.online/yJipG#60rbhf68,"all,300823,qr,webDafa",300823.593
http://fdn4rl.yingpa.online/yJipG#v8njdnv4,"all,300823,qr,webDafa",300823.594
http://6r0pl0.yuanza.store/yJipG#4rndnj2v,"all,300823,qr,webDafa",300823.595
http://r8064h.laifu.xyz/yJipG#n600lp4b,"all,300823,qr,webDafa",300823.596
http://8htj8p.chende.site/yJipG#448x062f,"all,300823,qr,webDafa",300823.597
https://vp62pz.zahe.site/yJipG#r40f4lfn,"all,300823,qr,webDafa",300823.598
https://f288jb.luange.shop/yJipG#bl0b46f2,"all,300823,qr,webDafa",300823.599
http://00d428.jiepu.fun/yJipG#tpxbf266,"all,300823,qr,webDafa",300823.600
http://dt0tn4.chende.site/sL4Gz#60h46b44,"all,300823,qr,SCPL",300823.601
https://jblxtb.zahe.site/sL4Gz#l4bf08vr,"all,300823,qr,SCPL",300823.602
https://v0frpv.luange.shop/sL4Gz#88hh0n24,"all,300823,qr,SCPL",300823.603
http://88b6xt.jiepu.fun/sL4Gz#42nz8020,"all,300823,qr,SCPL",300823.604
http://6282lt.dentu.store/sL4Gz#l86h2vv4,"all,300823,qr,SCPL",300823.605
http://64zj06.junte.shop/sL4Gz#r060t86n,"all,300823,qr,SCPL",300823.606
http://rd4xxl.maore.store/sL4Gz#28p6v6lz,"all,300823,qr,SCPL",300823.607
http://2hxn00.soure.online/sL4Gz#6z6b222j,"all,300823,qr,SCPL",300823.608
http://44n00n.jingpu.online/sL4Gz#8448888v,"all,300823,qr,SCPL",300823.609
http://0h2n6t.yingpa.online/sL4Gz#fjj446xl,"all,300823,qr,SCPL",300823.610
http://460fd8.yuanza.store/sL4Gz#48l2l4xx,"all,300823,qr,SCPL",300823.611
http://zt060b.laifu.xyz/sL4Gz#2082ln6d,"all,300823,qr,SCPL",300823.612
http://t68644.chende.site/sL4Gz#0fht4tp4,"all,300823,qr,SCPL",300823.613
https://fnv4nf.zahe.site/sL4Gz#jlj0b0xh,"all,300823,qr,SCPL",300823.614
https://vb608v.luange.shop/sL4Gz#hr84vb06,"all,300823,qr,SCPL",300823.615
http://242282.jiepu.fun/sL4Gz#dl242f0f,"all,300823,qr,SCPL",300823.616
http://6lbt28.dentu.store/sL4Gz#x20t6jx8,"all,300823,qr,SCPL",300823.617
http://88v8l8.junte.shop/sL4Gz#4262662p,"all,300823,qr,SCPL",300823.618
http://86bn60.maore.store/sL4Gz#l42j206h,"all,300823,qr,SCPL",300823.619
http://x84zx4.soure.online/sL4Gz#482hd6j8,"all,300823,qr,SCPL",300823.620
http://420086.jingpu.online/sL4Gz#0zv80004,"all,300823,qr,SCPL",300823.621
http://x40fb8.yingpa.online/sL4Gz#zh8v06rv,"all,300823,qr,SCPL",300823.622
http://6888vz.yuanza.store/sL4Gz#rb660ftp,"all,300823,qr,SCPL",300823.623
http://6tjxlt.laifu.xyz/sL4Gz#df04f646,"all,300823,qr,SCPL",300823.624
http://8f8fpb.chende.site/sL4Gz#8v6lh6tz,"all,300823,qr,SCPL",300823.625
https://tp0prd.zahe.site/sL4Gz#4rlx66zh,"all,300823,qr,SCPL",300823.626
https://2v02h8.luange.shop/sL4Gz#0zx60x08,"all,300823,qr,SCPL",300823.627
http://20084p.jiepu.fun/sL4Gz#zfnf02lb,"all,300823,qr,SCPL",300823.628
http://f8fb42.dentu.store/sL4Gz#h4rz2844,"all,300823,qr,SCPL",300823.629
http://000820.junte.shop/sL4Gz#nd4t4428,"all,300823,qr,SCPL",300823.630
http://40b88t.maore.store/sL4Gz#8v6l64h8,"all,300823,qr,SCPL",300823.631
http://42t8t6.soure.online/sL4Gz#j0rjvtf0,"all,300823,qr,SCPL",300823.632
http://f28nfr.jingpu.online/sL4Gz#t26n8p2v,"all,300823,qr,SCPL",300823.633
http://602z4t.yingpa.online/sL4Gz#6484z8dz,"all,300823,qr,SCPL",300823.634
http://24vn62.yuanza.store/sL4Gz#8f4l60d4,"all,300823,qr,SCPL",300823.635
http://220jn6.laifu.xyz/sL4Gz#6862nt8b,"all,300823,qr,SCPL",300823.636
http://24zb88.chende.site/sL4Gz#vhnp64h2,"all,300823,qr,SCPL",300823.637
https://pn0f20.zahe.site/sL4Gz#680f0lv6,"all,300823,qr,SCPL",300823.638
https://p0024p.luange.shop/sL4Gz#4rfdlll6,"all,300823,qr,SCPL",300823.639
http://f86jdd.jiepu.fun/sL4Gz#b6lf2x2r,"all,300823,qr,SCPL",300823.640
http://l44hpv.chende.site/ak2mG#f086x662,"all,300823,qr,SDVMP",300823.641
https://t2bjd8.zahe.site/ak2mG#2bd20trb,"all,300823,qr,SDVMP",300823.642
https://2thnh0.luange.shop/ak2mG#4z42880x,"all,300823,qr,SDVMP",300823.643
http://bv8802.jiepu.fun/ak2mG#lx86jh40,"all,300823,qr,SDVMP",300823.644
http://2pf060.dentu.store/ak2mG#x0tzzp66,"all,300823,qr,SDVMP",300823.645
http://0242j0.junte.shop/ak2mG#6drjlz8f,"all,300823,qr,SDVMP",300823.646
http://66p2d4.maore.store/ak2mG#v488t028,"all,300823,qr,SDVMP",300823.647
http://0r2v44.soure.online/ak2mG#fjr0v4rf,"all,300823,qr,SDVMP",300823.648
http://h86ljr.jingpu.online/ak2mG#ntbb22hd,"all,300823,qr,SDVMP",300823.649
http://tzzvf4.yingpa.online/ak2mG#6l4084zf,"all,300823,qr,SDVMP",300823.650
http://04lj2p.yuanza.store/ak2mG#r8j822b0,"all,300823,qr,SDVMP",300823.651
http://vp6zbv.laifu.xyz/ak2mG#4x4pf462,"all,300823,qr,SDVMP",300823.652
http://88n8p4.chende.site/ak2mG#6fnrl4jr,"all,300823,qr,SDVMP",300823.653
https://8db8lj.zahe.site/ak2mG#rpx80j62,"all,300823,qr,SDVMP",300823.654
https://xd828f.luange.shop/ak2mG#dtr48vrx,"all,300823,qr,SDVMP",300823.655
http://t6600j.jiepu.fun/ak2mG#0262xd64,"all,300823,qr,SDVMP",300823.656
http://66l8bj.dentu.store/ak2mG#0j6dd28f,"all,300823,qr,SDVMP",300823.657
http://0f026d.junte.shop/ak2mG#4h84220p,"all,300823,qr,SDVMP",300823.658
http://8v2vzj.maore.store/ak2mG#8bpj66xv,"all,300823,qr,SDVMP",300823.659
http://b2hn00.soure.online/ak2mG#pjlzpb04,"all,300823,qr,SDVMP",300823.660
http://2fr08p.jingpu.online/ak2mG#4fb8hfv4,"all,300823,qr,SDVMP",300823.661
http://66tjfr.yingpa.online/ak2mG#j4rxfzxn,"all,300823,qr,SDVMP",300823.662
http://0d6tht.yuanza.store/ak2mG#th84x0x4,"all,300823,qr,SDVMP",300823.663
http://fh484n.laifu.xyz/ak2mG#rl0vfj80,"all,300823,qr,SDVMP",300823.664
http://2t66pv.chende.site/ak2mG#d606xl60,"all,300823,qr,SDVMP",300823.665
https://24b6bn.zahe.site/ak2mG#6ttvb6lh,"all,300823,qr,SDVMP",300823.666
https://0jvt48.luange.shop/ak2mG#6lxjp286,"all,300823,qr,SDVMP",300823.667
http://jz0806.jiepu.fun/ak2mG#jj004fn2,"all,300823,qr,SDVMP",300823.668
http://lzh208.dentu.store/ak2mG#v8v66222,"all,300823,qr,SDVMP",300823.669
http://480f2z.junte.shop/ak2mG#r8x8zlv4,"all,300823,qr,SDVMP",300823.670
http://2d0txt.maore.store/ak2mG#802f26bv,"all,300823,qr,SDVMP",300823.671
http://drxv60.soure.online/ak2mG#pd24n202,"all,300823,qr,SDVMP",300823.672
http://t84btt.jingpu.online/ak2mG#lvjhd8r8,"all,300823,qr,SDVMP",300823.673
http://vznz68.yingpa.online/ak2mG#j2fdv00l,"all,300823,qr,SDVMP",300823.674
http://pz28h2.yuanza.store/ak2mG#6npt2040,"all,300823,qr,SDVMP",300823.675
http://xdxjrz.laifu.xyz/ak2mG#vd6bt40t,"all,300823,qr,SDVMP",300823.676
http://84nbj2.chende.site/ak2mG#l44z8rxn,"all,300823,qr,SDVMP",300823.677
https://nl2nv6.zahe.site/ak2mG#22d0v4f2,"all,300823,qr,SDVMP",300823.678
https://26020p.luange.shop/ak2mG#44f46jl0,"all,300823,qr,SDVMP",300823.679
http://rzd8x4.jiepu.fun/ak2mG#82zzd40j,"all,300823,qr,SDVMP",300823.680
http://f6086f.chende.site/6gWEW#j86f64jr,"all,300823,qr,vlc",300823.681
https://6rz060.zahe.site/6gWEW#6nfj6846,"all,300823,qr,vlc",300823.682
https://f0ht8b.luange.shop/6gWEW#ttp2tvhr,"all,300823,qr,vlc",300823.683
http://hbr04t.jiepu.fun/6gWEW#lxx42v4v,"all,300823,qr,vlc",300823.684
http://4bd4ht.dentu.store/6gWEW#rx0l000h,"all,300823,qr,vlc",300823.685
http://dv262n.junte.shop/6gWEW#6068r6rl,"all,300823,qr,vlc",300823.686
http://648bn0.maore.store/6gWEW#42460024,"all,300823,qr,vlc",300823.687
http://t64820.soure.online/6gWEW#zh8j648n,"all,300823,qr,vlc",300823.688
http://b88tb8.jingpu.online/6gWEW#2xt08004,"all,300823,qr,vlc",300823.689
http://x6000v.yingpa.online/6gWEW#frnb4840,"all,300823,qr,vlc",300823.690
http://4x0h68.yuanza.store/6gWEW#0tbnj4zr,"all,300823,qr,vlc",300823.691
http://68lphn.laifu.xyz/6gWEW#228jdb02,"all,300823,qr,vlc",300823.692
http://0j08lr.chende.site/6gWEW#08b2fjrf,"all,300823,qr,vlc",300823.693
https://hd62jj.zahe.site/6gWEW#2lxz208x,"all,300823,qr,vlc",300823.694
https://d0p0hp.luange.shop/6gWEW#08446648,"all,300823,qr,vlc",300823.695
http://p8zlhd.jiepu.fun/6gWEW#46zp8jln,"all,300823,qr,vlc",300823.696
http://n4228p.dentu.store/6gWEW#0jpx8tl4,"all,300823,qr,vlc",300823.697
http://nzb862.junte.shop/6gWEW#v028z26d,"all,300823,qr,vlc",300823.698
http://frr404.maore.store/6gWEW#2ld060j2,"all,300823,qr,vlc",300823.699
http://6280bx.soure.online/6gWEW#fj40nb44,"all,300823,qr,vlc",300823.700
http://62n8h4.jingpu.online/6gWEW#0fn022xz,"all,300823,qr,vlc",300823.701
http://h688j0.yingpa.online/6gWEW#206nt6d6,"all,300823,qr,vlc",300823.702
http://2jf064.yuanza.store/6gWEW#2dz646f8,"all,300823,qr,vlc",300823.703
http://pj48t8.laifu.xyz/6gWEW#nzp4d0fd,"all,300823,qr,vlc",300823.704
http://28xzdj.chende.site/6gWEW#8jnn24xl,"all,300823,qr,vlc",300823.705
https://4v8f48.zahe.site/6gWEW#4664420x,"all,300823,qr,vlc",300823.706
https://j2rh28.luange.shop/6gWEW#n64x0048,"all,300823,qr,vlc",300823.707
http://0z4f2z.jiepu.fun/6gWEW#h88rv44n,"all,300823,qr,vlc",300823.708
http://6846vz.dentu.store/6gWEW#4vv48206,"all,300823,qr,vlc",300823.709
http://rt4j0z.junte.shop/6gWEW#4j46n6jt,"all,300823,qr,vlc",300823.710
http://6dbjxr.maore.store/6gWEW#n0r8bvdn,"all,300823,qr,vlc",300823.711
http://02024f.soure.online/6gWEW#02vrp880,"all,300823,qr,vlc",300823.712
http://pbdpj6.jingpu.online/6gWEW#844lj684,"all,300823,qr,vlc",300823.713
http://v6l6nj.yingpa.online/6gWEW#tt484rjf,"all,300823,qr,vlc",300823.714
http://p4l0df.yuanza.store/6gWEW#lv82z4r8,"all,300823,qr,vlc",300823.715
http://j0v64f.laifu.xyz/6gWEW#v8tvjnlf,"all,300823,qr,vlc",300823.716
http://46fd8z.chende.site/6gWEW#6fl4jzt6,"all,300823,qr,vlc",300823.717
https://6xn84b.zahe.site/6gWEW#l4z2244d,"all,300823,qr,vlc",300823.718
https://v44880.luange.shop/6gWEW#j68vpt80,"all,300823,qr,vlc",300823.719
http://n2dxb2.jiepu.fun/6gWEW#pdf6xbz2,"all,300823,qr,vlc",300823.720
http://8n8fzr.chende.site/eHiwH#02xl246h,"all,300823,qr,webGJW",300823.721
https://2t4062.zahe.site/eHiwH#tzh62408,"all,300823,qr,webGJW",300823.722
https://lx6hrd.luange.shop/eHiwH#v0djl0z4,"all,300823,qr,webGJW",300823.723
http://lbj266.jiepu.fun/eHiwH#vf2p280x,"all,300823,qr,webGJW",300823.724
http://40468v.dentu.store/eHiwH#v6888t04,"all,300823,qr,webGJW",300823.725
http://pv4jv8.junte.shop/eHiwH#2j4fp620,"all,300823,qr,webGJW",300823.726
http://x2z062.maore.store/eHiwH#2lz6t8hh,"all,300823,qr,webGJW",300823.727
http://tv60vh.soure.online/eHiwH#6l6tpfnp,"all,300823,qr,webGJW",300823.728
http://6t6nf8.jingpu.online/eHiwH#48f24p2h,"all,300823,qr,webGJW",300823.729
http://l0tl06.yingpa.online/eHiwH#8v6xt6hn,"all,300823,qr,webGJW",300823.730
http://bt6062.yuanza.store/eHiwH#64848vl4,"all,300823,qr,webGJW",300823.731
http://0600n8.laifu.xyz/eHiwH#b8xtlhb6,"all,300823,qr,webGJW",300823.732
http://0ddpr0.chende.site/eHiwH#6tbr682h,"all,300823,qr,webGJW",300823.733
https://4t64h8.zahe.site/eHiwH#p0r24z26,"all,300823,qr,webGJW",300823.734
https://082h60.luange.shop/eHiwH#06r8h802,"all,300823,qr,webGJW",300823.735
http://4vbphf.jiepu.fun/eHiwH#btp4vt2h,"all,300823,qr,webGJW",300823.736
http://l222rb.dentu.store/eHiwH#62x0vx22,"all,300823,qr,webGJW",300823.737
http://220tnr.junte.shop/eHiwH#h66228ph,"all,300823,qr,webGJW",300823.738
http://nn6z2x.maore.store/eHiwH#z4224x2t,"all,300823,qr,webGJW",300823.739
http://60vvt2.soure.online/eHiwH#0lh4d0dj,"all,300823,qr,webGJW",300823.740
http://n28t8x.jingpu.online/eHiwH#dj82pxhj,"all,300823,qr,webGJW",300823.741
http://d8hhn4.yingpa.online/eHiwH#4f6px44z,"all,300823,qr,webGJW",300823.742
http://62t4vr.yuanza.store/eHiwH#20j2288x,"all,300823,qr,webGJW",300823.743
http://n4nv4r.laifu.xyz/eHiwH#fdn084x4,"all,300823,qr,webGJW",300823.744
http://ftxz08.chende.site/eHiwH#20d622x4,"all,300823,qr,webGJW",300823.745
https://b0008t.zahe.site/eHiwH#0lr4j4l6,"all,300823,qr,webGJW",300823.746
https://86460d.luange.shop/eHiwH#0rpd4n62,"all,300823,qr,webGJW",300823.747
http://bz0z84.jiepu.fun/eHiwH#82880rb2,"all,300823,qr,webGJW",300823.748
http://d8dvpl.dentu.store/eHiwH#40x40r20,"all,300823,qr,webGJW",300823.749
http://tzr8lf.junte.shop/eHiwH#62xd0llz,"all,300823,qr,webGJW",300823.750
http://2vz6j8.maore.store/eHiwH#6v224brv,"all,300823,qr,webGJW",300823.751
http://44v68d.soure.online/eHiwH#f84662j6,"all,300823,qr,webGJW",300823.752
http://86hjd6.jingpu.online/eHiwH#b8x48606,"all,300823,qr,webGJW",300823.753
http://4l46fd.yingpa.online/eHiwH#8vxp44n2,"all,300823,qr,webGJW",300823.754
http://2lb444.yuanza.store/eHiwH#6n8h2vvj,"all,300823,qr,webGJW",300823.755
http://t2d40v.laifu.xyz/eHiwH#hhvz4f8d,"all,300823,qr,webGJW",300823.756
http://28d488.chende.site/eHiwH#2rf00648,"all,300823,qr,webGJW",300823.757
https://d4p204.zahe.site/eHiwH#86vlp8vx,"all,300823,qr,webGJW",300823.758
https://nd2zlv.luange.shop/eHiwH#drtz22zf,"all,300823,qr,webGJW",300823.759
http://vzj6dz.jiepu.fun/eHiwH#bh4l66xn,"all,300823,qr,webGJW",300823.760
https://github.com/19920513/djy/blob/master/gb/nf1351518.md?86rtx#1,"all,300823,qr,webDKN",300823.761
https://github.com/19920513/djy/blob/master/gb/nf1351518.md?h20j0#1,"all,300823,qr,webDKN",300823.762
https://github.com/19920513/djy/blob/master/gb/nf1351518.md?42n46#1,"all,300823,qr,webDKN",300823.763
https://github.com/19920513/djy/blob/master/gb/nf1351518.md?h84jp#1,"all,300823,qr,webDKN",300823.764
https://github.com/19920513/djy/blob/master/gb/nf1351518.md?x806j#1,"all,300823,qr,webDKN",300823.765
https://github.com/19920513/djy/blob/master/gb/nf1351518.md?z82f2#1,"all,300823,qr,webDKN",300823.766
https://github.com/19920513/djy/blob/master/gb/nf1351518.md?z6424#1,"all,300823,qr,webDKN",300823.767
https://github.com/19920513/djy/blob/master/gb/nf1351518.md?l64z6#1,"all,300823,qr,webDKN",300823.768
https://github.com/19920513/djy/blob/master/gb/nf1351518.md?j404d#1,"all,300823,qr,webDKN",300823.769
https://github.com/19920513/djy/blob/master/gb/nf1351518.md?4024z#1,"all,300823,qr,webDKN",300823.770
https://github.com/19920513/djy/blob/master/gb/nf1351518.md?fnx82#1,"all,300823,qr,webDKN",300823.771
https://github.com/19920513/djy/blob/master/gb/nf1351518.md?46b42#1,"all,300823,qr,webDKN",300823.772
https://github.com/19920513/djy/blob/master/gb/nf1351518.md?00v2v#1,"all,300823,qr,webDKN",300823.773
https://github.com/19920513/djy/blob/master/gb/nf1351518.md?8pv8p#1,"all,300823,qr,webDKN",300823.774
https://github.com/19920513/djy/blob/master/gb/nf1351518.md?hfx0f#1,"all,300823,qr,webDKN",300823.775
https://github.com/19920513/djy/blob/master/gb/nf1351518.md?0r0z4#1,"all,300823,qr,webDKN",300823.776
https://github.com/19920513/djy/blob/master/gb/nf1351518.md?tz044#1,"all,300823,qr,webDKN",300823.777
https://github.com/19920513/djy/blob/master/gb/nf1351518.md?lft68#1,"all,300823,qr,webDKN",300823.778
https://github.com/19920513/djy/blob/master/gb/nf1351518.md?0x828#1,"all,300823,qr,webDKN",300823.779
https://github.com/19920513/djy/blob/master/gb/nf1351518.md?26bjf#1,"all,300823,qr,webDKN",300823.780
https://github.com/19920513/djy/blob/master/gb/nf1351518.md?thnd6#1,"all,300823,qr,webDKN",300823.781
https://github.com/19920513/djy/blob/master/gb/nf1351518.md?8v4pn#1,"all,300823,qr,webDKN",300823.782
https://github.com/19920513/djy/blob/master/gb/nf1351518.md?l2vrj#1,"all,300823,qr,webDKN",300823.783
https://github.com/19920513/djy/blob/master/gb/nf1351518.md?0xtfr#1,"all,300823,qr,webDKN",300823.784
https://github.com/19920513/djy/blob/master/gb/nf1351518.md?zfj28#1,"all,300823,qr,webDKN",300823.785
https://github.com/19920513/djy/blob/master/gb/nf1351518.md?8086x#1,"all,300823,qr,webDKN",300823.786
https://github.com/19920513/djy/blob/master/gb/nf1351518.md?nld0f#1,"all,300823,qr,webDKN",300823.787
https://github.com/19920513/djy/blob/master/gb/nf1351518.md?6xtt0#1,"all,300823,qr,webDKN",300823.788
https://github.com/19920513/djy/blob/master/gb/nf1351518.md?p286f#1,"all,300823,qr,webDKN",300823.789
https://github.com/19920513/djy/blob/master/gb/nf1351518.md?04h8p#1,"all,300823,qr,webDKN",300823.790
https://github.com/19920513/djy/blob/master/gb/nf1351518.md?dnrb4#1,"all,300823,qr,webDKN",300823.791
https://github.com/19920513/djy/blob/master/gb/nf1351518.md?l4242#1,"all,300823,qr,webDKN",300823.792
https://github.com/19920513/djy/blob/master/gb/nf1351518.md?pjv62#1,"all,300823,qr,webDKN",300823.793
https://github.com/19920513/djy/blob/master/gb/nf1351518.md?4fp00#1,"all,300823,qr,webDKN",300823.794
https://github.com/19920513/djy/blob/master/gb/nf1351518.md?8444n#1,"all,300823,qr,webDKN",300823.795
https://github.com/19920513/djy/blob/master/gb/nf1351518.md?ljvv4#1,"all,300823,qr,webDKN",300823.796
https://github.com/19920513/djy/blob/master/gb/nf1351518.md?f0z6r#1,"all,300823,qr,webDKN",300823.797
https://github.com/19920513/djy/blob/master/gb/nf1351518.md?40h66#1,"all,300823,qr,webDKN",300823.798
https://github.com/19920513/djy/blob/master/gb/nf1351518.md?x662l#1,"all,300823,qr,webDKN",300823.799
https://github.com/19920513/djy/blob/master/gb/nf1351518.md?400lh#1,"all,300823,qr,webDKN",300823.800
https://github.com/19920513/ntdtv/blob/master/gb/prog204.md?l8024#1,"all,300823,qr,webNTD",300823.801
https://github.com/19920513/ntdtv/blob/master/gb/prog204.md?02040#1,"all,300823,qr,webNTD",300823.802
https://github.com/19920513/ntdtv/blob/master/gb/prog204.md?jvf0x#1,"all,300823,qr,webNTD",300823.803
https://github.com/19920513/ntdtv/blob/master/gb/prog204.md?n2028#1,"all,300823,qr,webNTD",300823.804
https://github.com/19920513/ntdtv/blob/master/gb/prog204.md?44v88#1,"all,300823,qr,webNTD",300823.805
https://github.com/19920513/ntdtv/blob/master/gb/prog204.md?02d0d#1,"all,300823,qr,webNTD",300823.806
https://github.com/19920513/ntdtv/blob/master/gb/prog204.md?h606f#1,"all,300823,qr,webNTD",300823.807
https://github.com/19920513/ntdtv/blob/master/gb/prog204.md?fr2v2#1,"all,300823,qr,webNTD",300823.808
https://github.com/19920513/ntdtv/blob/master/gb/prog204.md?dj6r8#1,"all,300823,qr,webNTD",300823.809
https://github.com/19920513/ntdtv/blob/master/gb/prog204.md?j4d8j#1,"all,300823,qr,webNTD",300823.810
https://github.com/19920513/ntdtv/blob/master/gb/prog204.md?jh084#1,"all,300823,qr,webNTD",300823.811
https://github.com/19920513/ntdtv/blob/master/gb/prog204.md?084tv#1,"all,300823,qr,webNTD",300823.812
https://github.com/19920513/ntdtv/blob/master/gb/prog204.md?4r8td#1,"all,300823,qr,webNTD",300823.813
https://github.com/19920513/ntdtv/blob/master/gb/prog204.md?26lhb#1,"all,300823,qr,webNTD",300823.814
https://github.com/19920513/ntdtv/blob/master/gb/prog204.md?8dr86#1,"all,300823,qr,webNTD",300823.815
https://github.com/19920513/ntdtv/blob/master/gb/prog204.md?0t2d4#1,"all,300823,qr,webNTD",300823.816
https://github.com/19920513/ntdtv/blob/master/gb/prog204.md?znjdz#1,"all,300823,qr,webNTD",300823.817
https://github.com/19920513/ntdtv/blob/master/gb/prog204.md?0tr00#1,"all,300823,qr,webNTD",300823.818
https://github.com/19920513/ntdtv/blob/master/gb/prog204.md?t8n8h#1,"all,300823,qr,webNTD",300823.819
https://github.com/19920513/ntdtv/blob/master/gb/prog204.md?68rr4#1,"all,300823,qr,webNTD",300823.820
https://github.com/19920513/ntdtv/blob/master/gb/prog204.md?v2dhp#1,"all,300823,qr,webNTD",300823.821
https://github.com/19920513/ntdtv/blob/master/gb/prog204.md?8dlr8#1,"all,300823,qr,webNTD",300823.822
https://github.com/19920513/ntdtv/blob/master/gb/prog204.md?n82xp#1,"all,300823,qr,webNTD",300823.823
https://github.com/19920513/ntdtv/blob/master/gb/prog204.md?24l4b#1,"all,300823,qr,webNTD",300823.824
https://github.com/19920513/ntdtv/blob/master/gb/prog204.md?trpz2#1,"all,300823,qr,webNTD",300823.825
https://github.com/19920513/ntdtv/blob/master/gb/prog204.md?p402r#1,"all,300823,qr,webNTD",300823.826
https://github.com/19920513/ntdtv/blob/master/gb/prog204.md?hr82h#1,"all,300823,qr,webNTD",300823.827
https://github.com/19920513/ntdtv/blob/master/gb/prog204.md?jth6x#1,"all,300823,qr,webNTD",300823.828
https://github.com/19920513/ntdtv/blob/master/gb/prog204.md?xlflf#1,"all,300823,qr,webNTD",300823.829
https://github.com/19920513/ntdtv/blob/master/gb/prog204.md?t0l00#1,"all,300823,qr,webNTD",300823.830
https://github.com/19920513/ntdtv/blob/master/gb/prog204.md?2266v#1,"all,300823,qr,webNTD",300823.831
https://github.com/19920513/ntdtv/blob/master/gb/prog204.md?8v2pf#1,"all,300823,qr,webNTD",300823.832
https://github.com/19920513/ntdtv/blob/master/gb/prog204.md?f4p8x#1,"all,300823,qr,webNTD",300823.833
https://github.com/19920513/ntdtv/blob/master/gb/prog204.md?xrb0h#1,"all,300823,qr,webNTD",300823.834
https://github.com/19920513/ntdtv/blob/master/gb/prog204.md?bjvxt#1,"all,300823,qr,webNTD",300823.835
https://github.com/19920513/ntdtv/blob/master/gb/prog204.md?f40n4#1,"all,300823,qr,webNTD",300823.836
https://github.com/19920513/ntdtv/blob/master/gb/prog204.md?bp2np#1,"all,300823,qr,webNTD",300823.837
https://github.com/19920513/ntdtv/blob/master/gb/prog204.md?84jt2#1,"all,300823,qr,webNTD",300823.838
https://github.com/19920513/ntdtv/blob/master/gb/prog204.md?tntn4#1,"all,300823,qr,webNTD",300823.839
https://github.com/19920513/ntdtv/blob/master/gb/prog204.md?p862z#1,"all,300823,qr,webNTD",300823.840
http://lnpd8t.chende.site/13#hf242d28,"all,300823,qr,vtl",300823.841
https://b8pjtn.zahe.site/13#rh6xhl0h,"all,300823,qr,vtl",300823.842
https://vp06hj.luange.shop/13#nh88l482,"all,300823,qr,vtl",300823.843
http://24rl6h.jiepu.fun/13#prxj0lhd,"all,300823,qr,vtl",300823.844
http://4x4ffj.dentu.store/13#2tfp4tlv,"all,300823,qr,vtl",300823.845
http://60pv62.junte.shop/13#2b6vr4l8,"all,300823,qr,vtl",300823.846
http://zd00z0.maore.store/13#8dr6h82x,"all,300823,qr,vtl",300823.847
http://6t2v8j.soure.online/13#rz02zx60,"all,300823,qr,vtl",300823.848
http://6x884z.jingpu.online/13#b6z0n8nf,"all,300823,qr,vtl",300823.849
http://rr040t.yingpa.online/13#z8j4b0p6,"all,300823,qr,vtl",300823.850
http://d26htr.yuanza.store/13#ltj2b4nb,"all,300823,qr,vtl",300823.851
http://nd220d.laifu.xyz/13#pj600408,"all,300823,qr,vtl",300823.852
http://ft4hdv.chende.site/13#jh80l466,"all,300823,qr,vtl",300823.853
https://0nb0jp.zahe.site/13#88n808r8,"all,300823,qr,vtl",300823.854
https://6tvffv.luange.shop/13#4l882bbb,"all,300823,qr,vtl",300823.855
http://ptd2d6.jiepu.fun/13#4zlnz4r6,"all,300823,qr,vtl",300823.856
http://48846t.dentu.store/13#64xx2x86,"all,300823,qr,vtl",300823.857
http://p4btx4.junte.shop/13#4l46rfph,"all,300823,qr,vtl",300823.858
http://z40hz4.maore.store/13#2n26rntz,"all,300823,qr,vtl",300823.859
http://t0488h.soure.online/13#d80rzl8b,"all,300823,qr,vtl",300823.860
http://r8824p.jingpu.online/13#j2f2ldb2,"all,300823,qr,vtl",300823.861
http://b0rd82.yingpa.online/13#bnpx806f,"all,300823,qr,vtl",300823.862
http://8bp2dj.yuanza.store/13#vx6lx08l,"all,300823,qr,vtl",300823.863
http://8626d2.laifu.xyz/13#00jbvr26,"all,300823,qr,vtl",300823.864
http://d264jl.chende.site/13#rz0z8d6t,"all,300823,qr,vtl",300823.865
https://286068.zahe.site/13#vj088pn8,"all,300823,qr,vtl",300823.866
https://6b06d2.luange.shop/13#2jtd8x44,"all,300823,qr,vtl",300823.867
http://jj20r4.jiepu.fun/13#2d82z8r4,"all,300823,qr,vtl",300823.868
http://r688x0.dentu.store/13#0xh42v20,"all,300823,qr,vtl",300823.869
http://z44xlr.junte.shop/13#0jh648fh,"all,300823,qr,vtl",300823.870
http://j8b0t2.maore.store/13#npz40l0x,"all,300823,qr,vtl",300823.871
http://44488x.soure.online/13#dfr8zr42,"all,300823,qr,vtl",300823.872
http://28222v.jingpu.online/13#8fd64v4z,"all,300823,qr,vtl",300823.873
http://0ftjlt.yingpa.online/13#dlhzpb0x,"all,300823,qr,vtl",300823.874
http://4xlzld.yuanza.store/13#b6x6d26r,"all,300823,qr,vtl",300823.875
http://4jvr6z.laifu.xyz/13#8864pzb4,"all,300823,qr,vtl",300823.876
http://66tr2z.chende.site/13#j0pphpn0,"all,300823,qr,vtl",300823.877
https://v20xx8.zahe.site/13#p46j8drj,"all,300823,qr,vtl",300823.878
https://x804hb.luange.shop/13#n0v86f0p,"all,300823,qr,vtl",300823.879
http://z0t82n.jiepu.fun/13#6zt2v286,"all,300823,qr,vtl",300823.880
http://028nd4.chende.site/SptVE#6bh24844,"all,300823,qr,webDTN",300823.881
https://8vj6lv.zahe.site/SptVE#x082hp2l,"all,300823,qr,webDTN",300823.882
https://0j08t2.luange.shop/SptVE#ndl0hfpt,"all,300823,qr,webDTN",300823.883
http://ppzr28.jiepu.fun/SptVE#2f8l228j,"all,300823,qr,webDTN",300823.884
http://2nxvvd.dentu.store/SptVE#p08bb88x,"all,300823,qr,webDTN",300823.885
http://8fffp6.junte.shop/SptVE#80ppn8v4,"all,300823,qr,webDTN",300823.886
http://rr4266.maore.store/SptVE#xx2fnfhr,"all,300823,qr,webDTN",300823.887
http://f2tx4z.soure.online/SptVE#l840xph2,"all,300823,qr,webDTN",300823.888
http://r8z426.jingpu.online/SptVE#jd880hn6,"all,300823,qr,webDTN",300823.889
http://f42684.yingpa.online/SptVE#d2rv4bfb,"all,300823,qr,webDTN",300823.890
http://680x44.yuanza.store/SptVE#6nx8rd2f,"all,300823,qr,webDTN",300823.891
http://b02h08.laifu.xyz/SptVE#n44j0d0n,"all,300823,qr,webDTN",300823.892
http://4v40vl.chende.site/SptVE#rddpf86d,"all,300823,qr,webDTN",300823.893
https://2xf6n4.zahe.site/SptVE#jtr8l8nf,"all,300823,qr,webDTN",300823.894
https://hpfb0l.luange.shop/SptVE#4dzv464j,"all,300823,qr,webDTN",300823.895
http://0l4b2z.jiepu.fun/SptVE#8n682h8z,"all,300823,qr,webDTN",300823.896
http://p622bl.dentu.store/SptVE#8z60x6d4,"all,300823,qr,webDTN",300823.897
http://zf468p.junte.shop/SptVE#6nfprxbr,"all,300823,qr,webDTN",300823.898
http://lv2426.maore.store/SptVE#6zf6268b,"all,300823,qr,webDTN",300823.899
http://2d484j.soure.online/SptVE#n0lhpz06,"all,300823,qr,webDTN",300823.900
http://bvxr6p.jingpu.online/SptVE#0zlzbjth,"all,300823,qr,webDTN",300823.901
http://0f868n.yingpa.online/SptVE#20b84d28,"all,300823,qr,webDTN",300823.902
http://l866f0.yuanza.store/SptVE#8024n4n8,"all,300823,qr,webDTN",300823.903
http://t8dfl2.laifu.xyz/SptVE#6t64rbx6,"all,300823,qr,webDTN",300823.904
http://j4z0ph.chende.site/SptVE#nz6f60zp,"all,300823,qr,webDTN",300823.905
https://66bnnf.zahe.site/SptVE#06l4pl8z,"all,300823,qr,webDTN",300823.906
https://rr0jxn.luange.shop/SptVE#4d4n64p4,"all,300823,qr,webDTN",300823.907
http://t0268l.jiepu.fun/SptVE#0b06tjr6,"all,300823,qr,webDTN",300823.908
http://8002t6.dentu.store/SptVE#plxhvz00,"all,300823,qr,webDTN",300823.909
http://z684dd.junte.shop/SptVE#x2vhl266,"all,300823,qr,webDTN",300823.910
http://t08x80.maore.store/SptVE#2z6xh6r8,"all,300823,qr,webDTN",300823.911
http://0b2ttt.soure.online/SptVE#6n0pnlp2,"all,300823,qr,webDTN",300823.912
http://440rvz.jingpu.online/SptVE#pf4dn0vf,"all,300823,qr,webDTN",300823.913
http://pxbjdn.yingpa.online/SptVE#hpt62806,"all,300823,qr,webDTN",300823.914
http://hh8drn.yuanza.store/SptVE#lp06d84p,"all,300823,qr,webDTN",300823.915
http://4x0n8r.laifu.xyz/SptVE#022lvhjd,"all,300823,qr,webDTN",300823.916
http://288fx6.chende.site/SptVE#08028288,"all,300823,qr,webDTN",300823.917
https://vb2n4n.zahe.site/SptVE#2jx4688h,"all,300823,qr,webDTN",300823.918
https://rt6626.luange.shop/SptVE#l0j6h2rz,"all,300823,qr,webDTN",300823.919
http://68z806.jiepu.fun/SptVE#b8h4r4d4,"all,300823,qr,webDTN",300823.920
http://0rtx08.chende.site/HTkic#vpndvp0v,"all,300823,qr,KTQ",300823.921
https://4rh0x4.zahe.site/HTkic#r08f8dl2,"all,300823,qr,KTQ",300823.922
https://0048h6.luange.shop/HTkic#vnt2nl22,"all,300823,qr,KTQ",300823.923
http://4pzrfp.jiepu.fun/HTkic#4n86dllz,"all,300823,qr,KTQ",300823.924
http://ppp844.dentu.store/HTkic#hltnrzrb,"all,300823,qr,KTQ",300823.925
http://6b8484.junte.shop/HTkic#p86td84z,"all,300823,qr,KTQ",300823.926
http://pr22vl.maore.store/HTkic#p0z862j2,"all,300823,qr,KTQ",300823.927
http://4f6nd8.soure.online/HTkic#8zp4pp48,"all,300823,qr,KTQ",300823.928
http://24dr8h.jingpu.online/HTkic#rlztd442,"all,300823,qr,KTQ",300823.929
http://28rb26.yingpa.online/HTkic#t4840f8j,"all,300823,qr,KTQ",300823.930
http://4bn0jr.yuanza.store/HTkic#84zrv6xv,"all,300823,qr,KTQ",300823.931
http://h64fxr.laifu.xyz/HTkic#n8fvb644,"all,300823,qr,KTQ",300823.932
http://648266.chende.site/HTkic#2fb2nzpx,"all,300823,qr,KTQ",300823.933
https://48j2td.zahe.site/HTkic#48z6l80p,"all,300823,qr,KTQ",300823.934
https://8tj06j.luange.shop/HTkic#6088b4l4,"all,300823,qr,KTQ",300823.935
http://f44r88.jiepu.fun/HTkic#dtp68dh4,"all,300823,qr,KTQ",300823.936
http://z4tbp0.dentu.store/HTkic#b6b0llxx,"all,300823,qr,KTQ",300823.937
http://h42202.junte.shop/HTkic#t6r482b0,"all,300823,qr,KTQ",300823.938
http://8n8f4x.maore.store/HTkic#j2rb0jbj,"all,300823,qr,KTQ",300823.939
http://bzhl44.soure.online/HTkic#4zndz2dt,"all,300823,qr,KTQ",300823.940
http://624zh8.jingpu.online/HTkic#8ltdjp6n,"all,300823,qr,KTQ",300823.941
http://lhvddp.yingpa.online/HTkic#r80hd06t,"all,300823,qr,KTQ",300823.942
http://h04062.yuanza.store/HTkic#j60v2zjf,"all,300823,qr,KTQ",300823.943
http://r0242j.laifu.xyz/HTkic#df42dr6z,"all,300823,qr,KTQ",300823.944
http://fp6hfj.chende.site/HTkic#trfbvf8j,"all,300823,qr,KTQ",300823.945
https://6pzr4d.zahe.site/HTkic#4pvbp602,"all,300823,qr,KTQ",300823.946
https://48bhxb.luange.shop/HTkic#t06fj28r,"all,300823,qr,KTQ",300823.947
http://204ppf.jiepu.fun/HTkic#jj4ld0lh,"all,300823,qr,KTQ",300823.948
http://phvt40.dentu.store/HTkic#0l60n4x6,"all,300823,qr,KTQ",300823.949
http://rrt2rj.junte.shop/HTkic#n244f846,"all,300823,qr,KTQ",300823.950
http://lx440z.maore.store/HTkic#64lt62j2,"all,300823,qr,KTQ",300823.951
http://h0j020.soure.online/HTkic#j62lzrn0,"all,300823,qr,KTQ",300823.952
http://826bn4.jingpu.online/HTkic#hn4ljpp2,"all,300823,qr,KTQ",300823.953
http://0fjnld.yingpa.online/HTkic#4bjd4rt8,"all,300823,qr,KTQ",300823.954
http://0tn6t2.yuanza.store/HTkic#48l6jdjn,"all,300823,qr,KTQ",300823.955
http://26j82n.laifu.xyz/HTkic#f4xnp242,"all,300823,qr,KTQ",300823.956
http://zd06nf.chende.site/HTkic#6vhd46l6,"all,300823,qr,KTQ",300823.957
https://f400x0.zahe.site/HTkic#4bhbvn08,"all,300823,qr,KTQ",300823.958
https://f0d428.luange.shop/HTkic#pfxn40zr,"all,300823,qr,KTQ",300823.959
http://t4x208.jiepu.fun/HTkic#d0v2d02b,"all,300823,qr,KTQ",300823.960
http://2b8460.chende.site/tpbEK#002b8f4z,"all,300823,qr,VSCNL",300823.961
https://448jdv.zahe.site/tpbEK#4622ffpr,"all,300823,qr,VSCNL",300823.962
https://fn048b.luange.shop/tpbEK#z8n460j6,"all,300823,qr,VSCNL",300823.963
http://688j86.jiepu.fun/tpbEK#68rd4x88,"all,300823,qr,VSCNL",300823.964
http://2h8vpr.dentu.store/tpbEK#jrr8f2ff,"all,300823,qr,VSCNL",300823.965
http://b2fb28.junte.shop/tpbEK#x2j4p2h2,"all,300823,qr,VSCNL",300823.966
http://p48hjr.maore.store/tpbEK#f4x0z8bn,"all,300823,qr,VSCNL",300823.967
http://6rb8fl.soure.online/tpbEK#226tx4r6,"all,300823,qr,VSCNL",300823.968
http://2v0r8d.jingpu.online/tpbEK#020444t8,"all,300823,qr,VSCNL",300823.969
http://rbzzv4.yingpa.online/tpbEK#862l464p,"all,300823,qr,VSCNL",300823.970
http://l4668f.yuanza.store/tpbEK#txnf8080,"all,300823,qr,VSCNL",300823.971
http://b04288.laifu.xyz/tpbEK#htjbtpbj,"all,300823,qr,VSCNL",300823.972
http://x4j22t.chende.site/tpbEK#n402xt6d,"all,300823,qr,VSCNL",300823.973
https://0phlph.zahe.site/tpbEK#dr0d2n46,"all,300823,qr,VSCNL",300823.974
https://88280l.luange.shop/tpbEK#x2l86846,"all,300823,qr,VSCNL",300823.975
http://068486.jiepu.fun/tpbEK#6zp8xpb4,"all,300823,qr,VSCNL",300823.976
http://dp8dh0.dentu.store/tpbEK#rjt828t6,"all,300823,qr,VSCNL",300823.977
http://j80264.junte.shop/tpbEK#r2nv40h6,"all,300823,qr,VSCNL",300823.978
http://vv4h04.maore.store/tpbEK#8b4n2xv8,"all,300823,qr,VSCNL",300823.979
http://zlp424.soure.online/tpbEK#466b4468,"all,300823,qr,VSCNL",300823.980
http://zbn688.jingpu.online/tpbEK#8880jt6d,"all,300823,qr,VSCNL",300823.981
http://lxn8t4.yingpa.online/tpbEK#4tlpjdn4,"all,300823,qr,VSCNL",300823.982
http://266pbr.yuanza.store/tpbEK#jlrhf284,"all,300823,qr,VSCNL",300823.983
http://8j8x8p.laifu.xyz/tpbEK#26jj4080,"all,300823,qr,VSCNL",300823.984
http://60840v.chende.site/tpbEK#z2r6h80v,"all,300823,qr,VSCNL",300823.985
https://hlj668.zahe.site/tpbEK#846fbhx2,"all,300823,qr,VSCNL",300823.986
https://h86nzd.luange.shop/tpbEK#8p2brtl4,"all,300823,qr,VSCNL",300823.987
http://4h2px8.jiepu.fun/tpbEK#fv4rprp2,"all,300823,qr,VSCNL",300823.988
http://rv06zj.dentu.store/tpbEK#jx0x240f,"all,300823,qr,VSCNL",300823.989
http://86bz0j.junte.shop/tpbEK#tnf40h04,"all,300823,qr,VSCNL",300823.990
http://4220vv.maore.store/tpbEK#668b4nj6,"all,300823,qr,VSCNL",300823.991
http://x0bhz6.soure.online/tpbEK#6b4628x8,"all,300823,qr,VSCNL",300823.992
http://2n4xrt.jingpu.online/tpbEK#hzlldb86,"all,300823,qr,VSCNL",300823.993
http://28v8pf.yingpa.online/tpbEK#6826z8r2,"all,300823,qr,VSCNL",300823.994
http://82z8tr.yuanza.store/tpbEK#bj402404,"all,300823,qr,VSCNL",300823.995
http://bzpvn0.laifu.xyz/tpbEK#zd26f68t,"all,300823,qr,VSCNL",300823.996
http://rb4zf2.chende.site/tpbEK#2jth8226,"all,300823,qr,VSCNL",300823.997
https://jp0f8b.zahe.site/tpbEK#xd484r0z,"all,300823,qr,VSCNL",300823.998
https://jlx6d0.luange.shop/tpbEK#hh4bj0pj,"all,300823,qr,VSCNL",300823.999
http://4trvx8.jiepu.fun/tpbEK#2pr648v0,"all,300823,qr,VSCNL",300823.1000
http://dt2x68.chende.site/p7YJg#446jtt48,"all,300823,qr,VSCPCDCS",300823.1001
https://pf8b8n.zahe.site/p7YJg#62p2rx0v,"all,300823,qr,VSCPCDCS",300823.1002
https://4lr06l.luange.shop/p7YJg#8640p0h2,"all,300823,qr,VSCPCDCS",300823.1003
http://0z06rt.jiepu.fun/p7YJg#22v844b2,"all,300823,qr,VSCPCDCS",300823.1004
http://62xz22.dentu.store/p7YJg#h426x02x,"all,300823,qr,VSCPCDCS",300823.1005
http://hbf6ht.junte.shop/p7YJg#z2r2xbp2,"all,300823,qr,VSCPCDCS",300823.1006
http://6x68h2.maore.store/p7YJg#0j86jp4f,"all,300823,qr,VSCPCDCS",300823.1007
http://dbtd2h.soure.online/p7YJg#vv28nxh4,"all,300823,qr,VSCPCDCS",300823.1008
http://n002f8.jingpu.online/p7YJg#6x008rx8,"all,300823,qr,VSCPCDCS",300823.1009
http://4zbbz8.yingpa.online/p7YJg#j084b4zv,"all,300823,qr,VSCPCDCS",300823.1010
http://6lpzhj.yuanza.store/p7YJg#042464jl,"all,300823,qr,VSCPCDCS",300823.1011
http://bnt444.laifu.xyz/p7YJg#8hh4rpnv,"all,300823,qr,VSCPCDCS",300823.1012
http://bpr0bh.chende.site/p7YJg#d668b0p4,"all,300823,qr,VSCPCDCS",300823.1013
https://x622d0.zahe.site/p7YJg#80xjd2pn,"all,300823,qr,VSCPCDCS",300823.1014
https://lbzj6v.luange.shop/p7YJg#r880b88v,"all,300823,qr,VSCPCDCS",300823.1015
http://z8t024.jiepu.fun/p7YJg#dnj22pjz,"all,300823,qr,VSCPCDCS",300823.1016
http://pfl26h.dentu.store/p7YJg#thp22j24,"all,300823,qr,VSCPCDCS",300823.1017
http://8tzv62.junte.shop/p7YJg#t4vrpnh4,"all,300823,qr,VSCPCDCS",300823.1018
http://t68620.maore.store/p7YJg#22xz28r2,"all,300823,qr,VSCPCDCS",300823.1019
http://hn4266.soure.online/p7YJg#0846t626,"all,300823,qr,VSCPCDCS",300823.1020
http://btzp4t.jingpu.online/p7YJg#24lh44jr,"all,300823,qr,VSCPCDCS",300823.1021
http://v4rpf4.yingpa.online/p7YJg#f6fd0vft,"all,300823,qr,VSCPCDCS",300823.1022
http://82n0f0.yuanza.store/p7YJg#pp4f6422,"all,300823,qr,VSCPCDCS",300823.1023
http://h8ftvl.laifu.xyz/p7YJg#v62nl404,"all,300823,qr,VSCPCDCS",300823.1024
http://8vjp00.chende.site/p7YJg#n2vftx66,"all,300823,qr,VSCPCDCS",300823.1025
https://266p40.zahe.site/p7YJg#x04f04hz,"all,300823,qr,VSCPCDCS",300823.1026
https://h4d226.luange.shop/p7YJg#l4n4tbvz,"all,300823,qr,VSCPCDCS",300823.1027
http://86r8dt.jiepu.fun/p7YJg#jjz0bpx2,"all,300823,qr,VSCPCDCS",300823.1028
http://2fnt4d.dentu.store/p7YJg#bb6620l4,"all,300823,qr,VSCPCDCS",300823.1029
http://6v08tt.junte.shop/p7YJg#nl6f6xff,"all,300823,qr,VSCPCDCS",300823.1030
http://4xrr08.maore.store/p7YJg#vrz88j6l,"all,300823,qr,VSCPCDCS",300823.1031
http://24240b.soure.online/p7YJg#j20dd2z4,"all,300823,qr,VSCPCDCS",300823.1032
http://d6fr8r.jingpu.online/p7YJg#nj840d8n,"all,300823,qr,VSCPCDCS",300823.1033
http://0fl4h2.yingpa.online/p7YJg#jr8r2x88,"all,300823,qr,VSCPCDCS",300823.1034
http://z2b028.yuanza.store/p7YJg#26d48n82,"all,300823,qr,VSCPCDCS",300823.1035
http://48zd00.laifu.xyz/p7YJg#8vz0r02t,"all,300823,qr,VSCPCDCS",300823.1036
http://80jv2b.chende.site/p7YJg#f0x6hhzt,"all,300823,qr,VSCPCDCS",300823.1037
https://ltrrdf.zahe.site/p7YJg#j4bbz2nb,"all,300823,qr,VSCPCDCS",300823.1038
https://nl0xlp.luange.shop/p7YJg#pjlv60vx,"all,300823,qr,VSCPCDCS",300823.1039
http://84b4j6.jiepu.fun/p7YJg#vtx0z442,"all,300823,qr,VSCPCDCS",300823.1040
http://lr2h86.chende.site/uTAy1#0fj2bln4,"all,300823,qr,webVG",300823.1041
https://b20t28.zahe.site/uTAy1#j0lbhj28,"all,300823,qr,webVG",300823.1042
https://j860z2.luange.shop/uTAy1#nz0dlvj4,"all,300823,qr,webVG",300823.1043
http://8n2dv8.jiepu.fun/uTAy1#t46n62hx,"all,300823,qr,webVG",300823.1044
http://rj6xpt.dentu.store/uTAy1#8nv686n6,"all,300823,qr,webVG",300823.1045
http://00f8rp.junte.shop/uTAy1#p6j2t6bp,"all,300823,qr,webVG",300823.1046
http://688800.maore.store/uTAy1#0286v844,"all,300823,qr,webVG",300823.1047
http://602tj4.soure.online/uTAy1#2vhbnnvf,"all,300823,qr,webVG",300823.1048
http://r6z8l4.jingpu.online/uTAy1#lfptd06z,"all,300823,qr,webVG",300823.1049
http://zlvzp4.yingpa.online/uTAy1#bpzh2xbj,"all,300823,qr,webVG",300823.1050
http://828f48.yuanza.store/uTAy1#zt40fnhf,"all,300823,qr,webVG",300823.1051
http://x2x6pj.laifu.xyz/uTAy1#d0nxj844,"all,300823,qr,webVG",300823.1052
http://r8z6h8.chende.site/uTAy1#z2rdj6b4,"all,300823,qr,webVG",300823.1053
https://b04jnz.zahe.site/uTAy1#b268f8zz,"all,300823,qr,webVG",300823.1054
https://0xl82x.luange.shop/uTAy1#2r6r4x0z,"all,300823,qr,webVG",300823.1055
http://64vb60.jiepu.fun/uTAy1#xd0ddj06,"all,300823,qr,webVG",300823.1056
http://jb8b6b.dentu.store/uTAy1#248hbxvl,"all,300823,qr,webVG",300823.1057
http://2446zv.junte.shop/uTAy1#z2n2f0b4,"all,300823,qr,webVG",300823.1058
http://p08p8p.maore.store/uTAy1#8x6l6pbn,"all,300823,qr,webVG",300823.1059
http://xjtpj2.soure.online/uTAy1#l4pxz288,"all,300823,qr,webVG",300823.1060
http://hfpvv8.jingpu.online/uTAy1#n04zbb48,"all,300823,qr,webVG",300823.1061
http://zb48bj.yingpa.online/uTAy1#vn2ffvx0,"all,300823,qr,webVG",300823.1062
http://h226bv.yuanza.store/uTAy1#d04djz82,"all,300823,qr,webVG",300823.1063
http://vf8nh0.laifu.xyz/uTAy1#tfx0d008,"all,300823,qr,webVG",300823.1064
http://684xtr.chende.site/uTAy1#80jtx604,"all,300823,qr,webVG",300823.1065
https://r422vj.zahe.site/uTAy1#260r4j2n,"all,300823,qr,webVG",300823.1066
https://fv0408.luange.shop/uTAy1#rpj68f82,"all,300823,qr,webVG",300823.1067
http://4620ln.jiepu.fun/uTAy1#686nzr40,"all,300823,qr,webVG",300823.1068
http://dll2dv.dentu.store/uTAy1#zfzp2f88,"all,300823,qr,webVG",300823.1069
http://80d2d6.junte.shop/uTAy1#v0dd2pj4,"all,300823,qr,webVG",300823.1070
http://0n0x2f.maore.store/uTAy1#8z488l8h,"all,300823,qr,webVG",300823.1071
http://28002n.soure.online/uTAy1#nvfh06rx,"all,300823,qr,webVG",300823.1072
http://2t0vz0.jingpu.online/uTAy1#0v8hz8ll,"all,300823,qr,webVG",300823.1073
http://86px6n.yingpa.online/uTAy1#vn0x8l0l,"all,300823,qr,webVG",300823.1074
http://8pd862.yuanza.store/uTAy1#hl8t8z82,"all,300823,qr,webVG",300823.1075
http://n6rb0j.laifu.xyz/uTAy1#4dl60646,"all,300823,qr,webVG",300823.1076
http://n4zt42.chende.site/uTAy1#2l46dh82,"all,300823,qr,webVG",300823.1077
https://v02vv2.zahe.site/uTAy1#pz86t084,"all,300823,qr,webVG",300823.1078
https://26vvbl.luange.shop/uTAy1#20nxx2f2,"all,300823,qr,webVG",300823.1079
http://2zn2d6.jiepu.fun/uTAy1#6v4ddb28,"all,300823,qr,webVG",300823.1080
http://x80drl.chende.site/HsV3W#4264nv28,"all,300823,qr,webSYZP",300823.1081
https://4t408v.zahe.site/HsV3W#pt0486b2,"all,300823,qr,webSYZP",300823.1082
https://62v608.luange.shop/HsV3W#82f42rhv,"all,300823,qr,webSYZP",300823.1083
http://jv662z.jiepu.fun/HsV3W#00xv02j6,"all,300823,qr,webSYZP",300823.1084
http://r6p446.dentu.store/HsV3W#bhlxh66f,"all,300823,qr,webSYZP",300823.1085
http://4z44zj.junte.shop/HsV3W#lr60pxn6,"all,300823,qr,webSYZP",300823.1086
http://888fn0.maore.store/HsV3W#6f0rr0n8,"all,300823,qr,webSYZP",300823.1087
http://88dr06.soure.online/HsV3W#0n8n6jx0,"all,300823,qr,webSYZP",300823.1088
http://86h2b4.jingpu.online/HsV3W#l082820z,"all,300823,qr,webSYZP",300823.1089
http://hlf4th.yingpa.online/HsV3W#n2ljzzhn,"all,300823,qr,webSYZP",300823.1090
http://8f022n.yuanza.store/HsV3W#dxpbdl4n,"all,300823,qr,webSYZP",300823.1091
http://t466jt.laifu.xyz/HsV3W#46fbpvf8,"all,300823,qr,webSYZP",300823.1092
http://0j4b26.chende.site/HsV3W#2846pnfv,"all,300823,qr,webSYZP",300823.1093
https://d0xrvt.zahe.site/HsV3W#t4nldptp,"all,300823,qr,webSYZP",300823.1094
https://808l6d.luange.shop/HsV3W#66p0znvf,"all,300823,qr,webSYZP",300823.1095
http://0d6t2h.jiepu.fun/HsV3W#v4648jx4,"all,300823,qr,webSYZP",300823.1096
http://nd0rb6.dentu.store/HsV3W#xnvx68p6,"all,300823,qr,webSYZP",300823.1097
http://6x0jpn.junte.shop/HsV3W#8228jh6n,"all,300823,qr,webSYZP",300823.1098
http://2dr846.maore.store/HsV3W#8rtxpzp4,"all,300823,qr,webSYZP",300823.1099
http://4t202f.soure.online/HsV3W#28xjxd0l,"all,300823,qr,webSYZP",300823.1100
http://bdrt4b.jingpu.online/HsV3W#2h2nv046,"all,300823,qr,webSYZP",300823.1101
http://p0f0t6.yingpa.online/HsV3W#646d6b84,"all,300823,qr,webSYZP",300823.1102
http://nxv0xt.yuanza.store/HsV3W#j86xp82p,"all,300823,qr,webSYZP",300823.1103
http://f460hr.laifu.xyz/HsV3W#8vp880p6,"all,300823,qr,webSYZP",300823.1104
http://rtjbf8.chende.site/HsV3W#v6ltv04p,"all,300823,qr,webSYZP",300823.1105
https://2rbrbn.zahe.site/HsV3W#blfnrll8,"all,300823,qr,webSYZP",300823.1106
https://48j0b8.luange.shop/HsV3W#4224hzzt,"all,300823,qr,webSYZP",300823.1107
http://4zzph2.jiepu.fun/HsV3W#20jl6t04,"all,300823,qr,webSYZP",300823.1108
http://btp4j0.dentu.store/HsV3W#4d2jdr4z,"all,300823,qr,webSYZP",300823.1109
http://f0p28f.junte.shop/HsV3W#hlj02j2n,"all,300823,qr,webSYZP",300823.1110
http://hhl080.maore.store/HsV3W#xp0b0blp,"all,300823,qr,webSYZP",300823.1111
http://bh8n08.soure.online/HsV3W#6j0n88v8,"all,300823,qr,webSYZP",300823.1112
http://6666t2.jingpu.online/HsV3W#8ztf8868,"all,300823,qr,webSYZP",300823.1113
http://6ltd4p.yingpa.online/HsV3W#0r440x40,"all,300823,qr,webSYZP",300823.1114
http://0flj40.yuanza.store/HsV3W#rx248l0t,"all,300823,qr,webSYZP",300823.1115
http://r2p8x8.laifu.xyz/HsV3W#lh4286z0,"all,300823,qr,webSYZP",300823.1116
http://n82tp2.chende.site/HsV3W#zn2rpl82,"all,300823,qr,webSYZP",300823.1117
https://08fv6l.zahe.site/HsV3W#44t68j68,"all,300823,qr,webSYZP",300823.1118
https://f28222.luange.shop/HsV3W#j4pl04r2,"all,300823,qr,webSYZP",300823.1119
http://lvhp6p.jiepu.fun/HsV3W#800l8zh0,"all,300823,qr,webSYZP",300823.1120
