Long URL,Tags
https://github.com/19920513/www/blob/master/README.md?48t88#1,"webctcbth,testnew"
https://github.com/19920513/www/blob/master/README.md?46hj4#1,webctcbth
https://github.com/19920513/www/blob/master/README.md?n8z06#1,webctcbth
https://github.com/19920513/www/blob/master/README.md?68rv8#1,webctcbth
https://github.com/19920513/www/blob/master/README.md?lfr2z#1,webctcbth
https://github.com/19920513/www/blob/master/README.md?4tjpp#1,webctcbth
https://github.com/19920513/www/blob/master/README.md?r8zhz#1,webctcbth
https://github.com/19920513/www/blob/master/README.md?0z88d#1,webctcbth
https://github.com/19920513/www/blob/master/README.md?40t26#1,webctcbth
https://github.com/19920513/www/blob/master/README.md?20t0n#1,webctcbth
https://github.com/19920513/www/blob/master/README.md?44b86#1,webctcbth
https://github.com/19920513/www/blob/master/README.md?t62lb#1,webctcbth
https://github.com/19920513/www/blob/master/README.md?466j8#1,webctcbth
https://github.com/19920513/www/blob/master/README.md?jlr0x#1,webctcbth
https://github.com/19920513/www/blob/master/README.md?bnf86#1,webctcbth
https://github.com/19920513/www/blob/master/README.md?6b2xb#1,webctcbth
https://github.com/19920513/www/blob/master/README.md?4fj4v#1,webctcbth
https://github.com/19920513/www/blob/master/README.md?n4t46#1,webctcbth
https://github.com/19920513/www/blob/master/README.md?88l6n#1,webctcbth
https://github.com/19920513/www/blob/master/README.md?4lp04#1,webctcbth
https://github.com/19920513/www/blob/master/README.md?8ppz8#1,webctcbth
https://github.com/19920513/www/blob/master/README.md?x06p8#1,webctcbth
https://github.com/19920513/www/blob/master/README.md?6p884#1,webctcbth
https://github.com/19920513/www/blob/master/README.md?4ll00#1,webctcbth
https://github.com/19920513/www/blob/master/README.md?b046h#1,webctcbth
https://github.com/19920513/www/blob/master/README.md?660t2#1,webctcbth
https://github.com/19920513/www/blob/master/README.md?44046#1,webctcbth
https://github.com/19920513/www/blob/master/README.md?xff80#1,webctcbth
https://github.com/19920513/www/blob/master/README.md?2z0jn#1,webctcbth
https://github.com/19920513/www/blob/master/README.md?848d4#1,webctcbth
https://github.com/19920513/www/blob/master/README.md?2v8xl#1,webctcbth
https://github.com/19920513/www/blob/master/README.md?ljj06#1,webctcbth
https://github.com/19920513/www/blob/master/README.md?4jp8z#1,webctcbth
https://github.com/19920513/www/blob/master/README.md?h24xp#1,webctcbth
https://github.com/19920513/www/blob/master/README.md?62b84#1,webctcbth
https://github.com/19920513/www/blob/master/README.md?tr4f8#1,webctcbth
https://github.com/19920513/www/blob/master/README.md?62zll#1,webctcbth
https://github.com/19920513/www/blob/master/README.md?204tz#1,webctcbth
https://github.com/19920513/www/blob/master/README.md?f2f68#1,webctcbth
https://github.com/19920513/www/blob/master/README.md?f8d2d#1,webctcbth
https://github.com/19920513/ntdtv/blob/master/gb/prog452866_1.md?jf66l#1,pthqdkd
https://github.com/19920513/ntdtv/blob/master/gb/prog452866_1.md?08n6d#1,pthqdkd
https://github.com/19920513/ntdtv/blob/master/gb/prog452866_1.md?r6842#1,pthqdkd
https://github.com/19920513/ntdtv/blob/master/gb/prog452866_1.md?8262v#1,pthqdkd
https://github.com/19920513/ntdtv/blob/master/gb/prog452866_1.md?20nxb#1,pthqdkd
https://github.com/19920513/ntdtv/blob/master/gb/prog452866_1.md?4jt48#1,pthqdkd
https://github.com/19920513/ntdtv/blob/master/gb/prog452866_1.md?r24j8#1,pthqdkd
https://github.com/19920513/ntdtv/blob/master/gb/prog452866_1.md?x4284#1,pthqdkd
https://github.com/19920513/ntdtv/blob/master/gb/prog452866_1.md?0220x#1,pthqdkd
https://github.com/19920513/ntdtv/blob/master/gb/prog452866_1.md?z8tpp#1,pthqdkd
https://github.com/19920513/ntdtv/blob/master/gb/prog452866_1.md?ltrdv#1,pthqdkd
https://github.com/19920513/ntdtv/blob/master/gb/prog452866_1.md?v0pzv#1,pthqdkd
https://github.com/19920513/ntdtv/blob/master/gb/prog452866_1.md?2886f#1,pthqdkd
https://github.com/19920513/ntdtv/blob/master/gb/prog452866_1.md?606jh#1,pthqdkd
https://github.com/19920513/ntdtv/blob/master/gb/prog452866_1.md?z0bf6#1,pthqdkd
https://github.com/19920513/ntdtv/blob/master/gb/prog452866_1.md?8rpf8#1,pthqdkd
https://github.com/19920513/ntdtv/blob/master/gb/prog452866_1.md?8n6t0#1,pthqdkd
https://github.com/19920513/ntdtv/blob/master/gb/prog452866_1.md?tz6dz#1,pthqdkd
https://github.com/19920513/ntdtv/blob/master/gb/prog452866_1.md?rft0x#1,pthqdkd
https://github.com/19920513/ntdtv/blob/master/gb/prog452866_1.md?48d60#1,pthqdkd
https://github.com/19920513/ntdtv/blob/master/gb/prog452866_1.md?fz06l#1,pthqdkd
https://github.com/19920513/ntdtv/blob/master/gb/prog452866_1.md?6vr00#1,pthqdkd
https://github.com/19920513/ntdtv/blob/master/gb/prog452866_1.md?zlb68#1,pthqdkd
https://github.com/19920513/ntdtv/blob/master/gb/prog452866_1.md?84l6n#1,pthqdkd
https://github.com/19920513/ntdtv/blob/master/gb/prog452866_1.md?68x80#1,pthqdkd
https://github.com/19920513/ntdtv/blob/master/gb/prog452866_1.md?64600#1,pthqdkd
https://github.com/19920513/ntdtv/blob/master/gb/prog452866_1.md?2rbh8#1,pthqdkd
https://github.com/19920513/ntdtv/blob/master/gb/prog452866_1.md?rr6xn#1,pthqdkd
https://github.com/19920513/ntdtv/blob/master/gb/prog452866_1.md?4t4n2#1,pthqdkd
https://github.com/19920513/ntdtv/blob/master/gb/prog452866_1.md?8tt88#1,pthqdkd
https://github.com/19920513/ntdtv/blob/master/gb/prog452866_1.md?8dxb0#1,pthqdkd
https://github.com/19920513/ntdtv/blob/master/gb/prog452866_1.md?zpz0v#1,pthqdkd
https://github.com/19920513/ntdtv/blob/master/gb/prog452866_1.md?bt8lr#1,pthqdkd
https://github.com/19920513/ntdtv/blob/master/gb/prog452866_1.md?nbfrp#1,pthqdkd
https://github.com/19920513/ntdtv/blob/master/gb/prog452866_1.md?626zv#1,pthqdkd
https://github.com/19920513/ntdtv/blob/master/gb/prog452866_1.md?rtjf8#1,pthqdkd
https://github.com/19920513/ntdtv/blob/master/gb/prog452866_1.md?ld06p#1,pthqdkd
https://github.com/19920513/ntdtv/blob/master/gb/prog452866_1.md?p8d26#1,pthqdkd
https://github.com/19920513/ntdtv/blob/master/gb/prog452866_1.md?p48b4#1,pthqdkd
https://github.com/19920513/ntdtv/blob/master/gb/prog452866_1.md?n82j4#1,pthqdkd
http://06d6dh.chende.site/eJ5Ln#d64lnnv0,ndb
https://8xd686.zahe.site/eJ5Ln#8884j22l,ndb
https://80lv64.luange.shop/eJ5Ln#24x606jl,ndb
http://0jx80t.jiepu.fun/eJ5Ln#hjhblv6z,ndb
http://2n26lj.dentu.store/eJ5Ln#2ln48xzj,ndb
http://60b0bb.junte.shop/eJ5Ln#ft0hfprn,ndb
http://2zxhr8.maore.store/eJ5Ln#nrt0bh06,ndb
http://6x2642.xuany.store/eJ5Ln#fhx2zh24,ndb
http://zj2n02.soure.online/eJ5Ln#2606p20l,ndb
http://4z684l.yewg.online/eJ5Ln#j84ljr48,ndb
http://286rbr.chende.site/eJ5Ln#6xd80806,ndb
https://frz28t.zahe.site/eJ5Ln#vb2zn8l8,ndb
https://h2b68v.luange.shop/eJ5Ln#8bt6068j,ndb
http://660btf.jiepu.fun/eJ5Ln#0020v6fn,ndb
http://6l60dp.dentu.store/eJ5Ln#8zzbx6d0,ndb
http://nppn06.junte.shop/eJ5Ln#600hrdx2,ndb
http://684xr8.maore.store/eJ5Ln#l0j4h6lz,ndb
http://brb4rt.xuany.store/eJ5Ln#n8t48rlh,ndb
http://8004f4.soure.online/eJ5Ln#fjn20nz0,ndb
http://4tx62z.yewg.online/eJ5Ln#r0tx6r8l,ndb
http://bhdnx8.chende.site/eJ5Ln#466n60pr,ndb
https://6hr8tf.zahe.site/eJ5Ln#zn2lf6dn,ndb
https://42ft06.luange.shop/eJ5Ln#80p2db4d,ndb
http://bnzdft.jiepu.fun/eJ5Ln#f04068pr,ndb
http://06d204.dentu.store/eJ5Ln#2824xpx6,ndb
http://6z2lht.junte.shop/eJ5Ln#fzj40th6,ndb
http://r86208.maore.store/eJ5Ln#6z80846t,ndb
http://x6ztd0.xuany.store/eJ5Ln#zf60t62f,ndb
http://p88zh6.soure.online/eJ5Ln#vjpr20lj,ndb
http://rvbl06.yewg.online/eJ5Ln#x4p26040,ndb
http://4l20d8.chende.site/eJ5Ln#06482v2v,ndb
https://840jv8.zahe.site/eJ5Ln#2n6p2z0j,ndb
https://txdh0f.luange.shop/eJ5Ln#p82hf44l,ndb
http://04f4x2.jiepu.fun/eJ5Ln#x2f080xt,ndb
http://06p6jb.dentu.store/eJ5Ln#fhfr2j06,ndb
http://p644v6.junte.shop/eJ5Ln#bpd4x64v,ndb
http://r00000.maore.store/eJ5Ln#jhtj62d8,ndb
http://48d442.xuany.store/eJ5Ln#x4jf8vn6,ndb
http://8d84n6.soure.online/eJ5Ln#v6fbzzj4,ndb
http://80l0f8.yewg.online/eJ5Ln#4z086hxn,ndb
http://t2z60h.chende.site/video/play/1093.html#bhvfftd8,cmt
https://2l624r.zahe.site/video/play/1093.html#fld84j66,cmt
https://vftr6d.luange.shop/video/play/1093.html#pv8x406p,cmt
http://2z822z.jiepu.fun/video/play/1093.html#l8zv80vd,cmt
http://4xh0b8.dentu.store/video/play/1093.html#r0804vv4,cmt
http://b6jnp4.junte.shop/video/play/1093.html#4p046x0f,cmt
http://084tj4.maore.store/video/play/1093.html#86hxj8n8,cmt
http://6b26f4.xuany.store/video/play/1093.html#0v44l466,cmt
http://88j4bd.soure.online/video/play/1093.html#d0dbx880,cmt
http://0h0p08.yewg.online/video/play/1093.html#082248f8,cmt
http://24044l.chende.site/video/play/1093.html#bhfv4x0z,cmt
https://p222x4.zahe.site/video/play/1093.html#l66bv44t,cmt
https://p28246.luange.shop/video/play/1093.html#n0phb4hb,cmt
http://66h264.jiepu.fun/video/play/1093.html#86lvx66x,cmt
http://260rp4.dentu.store/video/play/1093.html#zbb680l0,cmt
http://z6l246.junte.shop/video/play/1093.html#pdlxpv88,cmt
http://284660.maore.store/video/play/1093.html#2hd6f460,cmt
http://r840t8.xuany.store/video/play/1093.html#p62r6xj8,cmt
http://6804xr.soure.online/video/play/1093.html#n2v2xvl8,cmt
http://000028.yewg.online/video/play/1093.html#hvfd268f,cmt
http://p6lfr2.chende.site/video/play/1093.html#082280x4,cmt
https://xhz2fr.zahe.site/video/play/1093.html#48h00xdb,cmt
https://fh68lx.luange.shop/video/play/1093.html#602jd6bl,cmt
http://428dpp.jiepu.fun/video/play/1093.html#88xn6b86,cmt
http://pz4f86.dentu.store/video/play/1093.html#4ddhv200,cmt
http://28d2dp.junte.shop/video/play/1093.html#806068bb,cmt
http://420zz8.maore.store/video/play/1093.html#2hxnb62f,cmt
http://4f4jp0.xuany.store/video/play/1093.html#88ddldn4,cmt
http://v6rx2h.soure.online/video/play/1093.html#zf26ddz2,cmt
http://6np466.yewg.online/video/play/1093.html#d20fhtxd,cmt
http://f6r2d6.chende.site/video/play/1093.html#b8nj6020,cmt
https://hxvb02.zahe.site/video/play/1093.html#4p62nd2b,cmt
https://vj28t0.luange.shop/video/play/1093.html#8d0b04rl,cmt
http://n486b2.jiepu.fun/video/play/1093.html#xppxj4f8,cmt
http://6tfdtz.dentu.store/video/play/1093.html#80040z6t,cmt
http://064rjr.junte.shop/video/play/1093.html#b2ldb2z0,cmt
http://662jr0.maore.store/video/play/1093.html#b8jx6864,cmt
http://040v2f.xuany.store/video/play/1093.html#f2npn642,cmt
http://dvf08l.soure.online/video/play/1093.html#zn8ljt0l,cmt
http://886448.yewg.online/video/play/1093.html#n24f4xn8,cmt
http://28x2n8.chende.site/sBht#t4zb4n0l,TCkTQ
https://n4jp46.zahe.site/sBht#6f6vdbtr,TCkTQ
https://l8jvpj.luange.shop/sBht#2648882d,TCkTQ
http://8f6td2.jiepu.fun/sBht#d6b6tbrh,TCkTQ
http://z2jvr0.dentu.store/sBht#r6x2j68t,TCkTQ
http://2nftb2.junte.shop/sBht#6688646d,TCkTQ
http://8nxt4x.maore.store/sBht#062t00fz,TCkTQ
http://h6620v.xuany.store/sBht#6n240p26,TCkTQ
http://2v8p02.soure.online/sBht#62pnv4hl,TCkTQ
http://jrb8b4.yewg.online/sBht#x0h6db8t,TCkTQ
http://8hl862.chende.site/sBht#v20t680h,TCkTQ
https://h2nxl2.zahe.site/sBht#zn860fnh,TCkTQ
https://jz0868.luange.shop/sBht#8v22bx4b,TCkTQ
http://vph66z.jiepu.fun/sBht#hj8t602x,TCkTQ
http://4fn0lp.dentu.store/sBht#86b2t6lh,TCkTQ
http://dxt0v0.junte.shop/sBht#z4n4l2t4,TCkTQ
http://b22p46.maore.store/sBht#h866v44h,TCkTQ
http://000464.xuany.store/sBht#622pl46d,TCkTQ
http://8zl462.soure.online/sBht#6h2r2n04,TCkTQ
http://26h20b.yewg.online/sBht#84xj2xfz,TCkTQ
http://0zf02v.chende.site/sBht#2x02h4h6,TCkTQ
https://r28202.zahe.site/sBht#lbp0r04b,TCkTQ
https://0z6zl6.luange.shop/sBht#l6p2rf6z,TCkTQ
http://hr64b4.jiepu.fun/sBht#zd4v02zn,TCkTQ
http://l24j6t.dentu.store/sBht#bp6680p8,TCkTQ
http://fb8z48.junte.shop/sBht#66vt2fb0,TCkTQ
http://0f6482.maore.store/sBht#t466nfz0,TCkTQ
http://h88f0n.xuany.store/sBht#t8r86thp,TCkTQ
http://660684.soure.online/sBht#z4rrvz6p,TCkTQ
http://2vjb44.yewg.online/sBht#jrz28864,TCkTQ
http://hrhppt.chende.site/sBht#fnftfdr8,TCkTQ
https://npp6bl.zahe.site/sBht#6r0fx606,TCkTQ
https://bdl62h.luange.shop/sBht#4v0xbjr0,TCkTQ
http://b0ff26.jiepu.fun/sBht#lx80x2bd,TCkTQ
http://08602p.dentu.store/sBht#j4f088n4,TCkTQ
http://r6vnnl.junte.shop/sBht#d4620vp2,TCkTQ
http://pn6tr6.maore.store/sBht#666p6644,TCkTQ
http://466b6x.xuany.store/sBht#4x84tvb8,TCkTQ
http://44444n.soure.online/sBht#8068r282,TCkTQ
http://pf6468.yewg.online/sBht#bxrf208d,TCkTQ
http://2lh8rt.chende.site/video/play/1108.html#n8v2t486,phimdvb
https://2f286h.zahe.site/video/play/1108.html#v2l04hxb,phimdvb
https://vvl0r0.luange.shop/video/play/1108.html#20242n24,phimdvb
http://fn6886.jiepu.fun/video/play/1108.html#62tv44n2,phimdvb
http://4t60z4.dentu.store/video/play/1108.html#tb8202d0,phimdvb
http://rx6l4d.junte.shop/video/play/1108.html#pz0v4v88,phimdvb
http://8r86xr.maore.store/video/play/1108.html#08x06l40,phimdvb
http://8hphtb.xuany.store/video/play/1108.html#t26lx0db,phimdvb
http://6f82f8.soure.online/video/play/1108.html#6h2h2td6,phimdvb
http://l824vd.yewg.online/video/play/1108.html#2r08t4l2,phimdvb
http://fl2f8b.chende.site/video/play/1108.html#hd6vtl2x,phimdvb
https://n4pp22.zahe.site/video/play/1108.html#p2p8r6d4,phimdvb
https://r6rtj4.luange.shop/video/play/1108.html#lzhhxf02,phimdvb
http://4h682z.jiepu.fun/video/play/1108.html#802h2t2p,phimdvb
http://6jblrx.dentu.store/video/play/1108.html#0zdvl462,phimdvb
http://p00n2f.junte.shop/video/play/1108.html#4fx2tnbp,phimdvb
http://6djhlr.maore.store/video/play/1108.html#lr6xzn8x,phimdvb
http://00r644.xuany.store/video/play/1108.html#vl42d226,phimdvb
http://0fp0f2.soure.online/video/play/1108.html#p0r20tlr,phimdvb
http://d22blj.yewg.online/video/play/1108.html#r0rjxff4,phimdvb
http://4624f2.chende.site/video/play/1108.html#4v8z0800,phimdvb
https://80vb0p.zahe.site/video/play/1108.html#j6bdd2hx,phimdvb
https://ln48x4.luange.shop/video/play/1108.html#40zvnj24,phimdvb
http://vr2jf6.jiepu.fun/video/play/1108.html#8dhxbl0x,phimdvb
http://zl448x.dentu.store/video/play/1108.html#xf4046r4,phimdvb
http://r26h2z.junte.shop/video/play/1108.html#x84zr84r,phimdvb
http://6rt2f8.maore.store/video/play/1108.html#pb88b2b6,phimdvb
http://jp2p0v.xuany.store/video/play/1108.html#dt44fzrj,phimdvb
http://hdlt0r.soure.online/video/play/1108.html#8lrltjpx,phimdvb
http://2x8n80.yewg.online/video/play/1108.html#d444bxr0,phimdvb
http://0h488t.chende.site/video/play/1108.html#d80t2886,phimdvb
https://6rb6t6.zahe.site/video/play/1108.html#68tv8020,phimdvb
https://4vt02v.luange.shop/video/play/1108.html#r2zr222r,phimdvb
http://j06xt0.jiepu.fun/video/play/1108.html#2f2v6z68,phimdvb
http://2btvxx.dentu.store/video/play/1108.html#0n6b68v0,phimdvb
http://6n86r8.junte.shop/video/play/1108.html#p62b62lp,phimdvb
http://z688b8.maore.store/video/play/1108.html#620vz606,phimdvb
http://0664rh.xuany.store/video/play/1108.html#xtbllrv0,phimdvb
http://l88z0n.soure.online/video/play/1108.html#vhlbl002,phimdvb
http://66zvn0.yewg.online/video/play/1108.html#6tj84tf4,phimdvb
http://026pr4.chende.site/tMg46#zj42t6fr,9b
https://t6x4bn.zahe.site/tMg46#04084262,9b
https://ffhl8j.luange.shop/tMg46#2xl20828,9b
http://2pz0tx.jiepu.fun/tMg46#jd2xvt40,9b
http://0jff2n.dentu.store/tMg46#4jlv0880,9b
http://6l20vh.junte.shop/tMg46#4j6b4zlv,9b
http://hvxfhb.maore.store/tMg46#4l2v64b2,9b
http://4j8444.xuany.store/tMg46#42x6n6b6,9b
http://0420dv.soure.online/tMg46#6fd400t6,9b
http://x2bdtn.yewg.online/tMg46#lz0jjtxr,9b
http://t44lr4.chende.site/tMg46#lz084402,9b
https://8220xb.zahe.site/tMg46#j800jvn8,9b
https://602hbh.luange.shop/tMg46#tv0zp2rx,9b
http://020ddj.jiepu.fun/tMg46#4n0n42tx,9b
http://28jfnf.dentu.store/tMg46#08066v66,9b
http://4v0p4j.junte.shop/tMg46#8r062nlh,9b
http://2fp8p4.maore.store/tMg46#6z86j0r6,9b
http://8hbp08.xuany.store/tMg46#z00tlxpv,9b
http://4fbpd2.soure.online/tMg46#0nt802rn,9b
http://40826p.yewg.online/tMg46#2t8zl440,9b
http://hlhh02.chende.site/tMg46#46blnp06,9b
https://lxxjjn.zahe.site/tMg46#z2vrpd8v,9b
https://2pt0hz.luange.shop/tMg46#v2l00lbf,9b
http://zrd24h.jiepu.fun/tMg46#b8d2840h,9b
http://rh4v24.dentu.store/tMg46#2v8tr0z4,9b
http://2frd8f.junte.shop/tMg46#6p4pjlv2,9b
http://20v624.maore.store/tMg46#t84dl260,9b
http://tjdfxd.xuany.store/tMg46#4200068z,9b
http://zfbzhh.soure.online/tMg46#n80hdvfr,9b
http://02022p.yewg.online/tMg46#082n204j,9b
http://zpd42b.chende.site/tMg46#086nr0t2,9b
https://2xfv8h.zahe.site/tMg46#z046l608,9b
https://t46nd8.luange.shop/tMg46#zffr6x22,9b
http://rv8j6v.jiepu.fun/tMg46#lxr24f64,9b
http://0l22r2.dentu.store/tMg46#288884vp,9b
http://jbzl06.junte.shop/tMg46#h82246v8,9b
http://b8b4r2.maore.store/tMg46#jx44068n,9b
http://xbv0rx.xuany.store/tMg46#t6x88zvt,9b
http://2fhh86.soure.online/tMg46#4rfp2x0l,9b
http://d48642.yewg.online/tMg46#0d428dv8,9b
http://x62x6p.chende.site/Jy5M8#60n2828j,gtvhd
https://426n60.zahe.site/Jy5M8#lj6fntbh,gtvhd
https://z4pj22.luange.shop/Jy5M8#d2j84pfp,gtvhd
http://6p4h88.jiepu.fun/Jy5M8#v8xj4rlr,gtvhd
http://t4j04j.dentu.store/Jy5M8#x2l4zb6j,gtvhd
http://22pxt6.junte.shop/Jy5M8#z4vv6r28,gtvhd
http://8vjt68.maore.store/Jy5M8#8rzd6642,gtvhd
http://4jf286.xuany.store/Jy5M8#0p04xpdh,gtvhd
http://zlb8zb.soure.online/Jy5M8#nx06l08j,gtvhd
http://r8j4z8.yewg.online/Jy5M8#r6ppfj82,gtvhd
http://86466r.chende.site/Jy5M8#ph6rl8bp,gtvhd
https://ttzn4d.zahe.site/Jy5M8#x6l2pr84,gtvhd
https://88z006.luange.shop/Jy5M8#f86l2244,gtvhd
http://txpxf8.jiepu.fun/Jy5M8#28804242,gtvhd
http://nf82bn.dentu.store/Jy5M8#pv06hr06,gtvhd
http://x06ll0.junte.shop/Jy5M8#j60bxl0d,gtvhd
http://8dn264.maore.store/Jy5M8#4r8n88d0,gtvhd
http://6tzfh8.xuany.store/Jy5M8#vvhd88b4,gtvhd
http://8x26f8.soure.online/Jy5M8#nvnt6prl,gtvhd
http://0886l2.yewg.online/Jy5M8#4p06ht28,gtvhd
http://4vd4zx.chende.site/Jy5M8#fn8r0rlh,gtvhd
https://zd8804.zahe.site/Jy5M8#l0fb688f,gtvhd
https://t6ndj8.luange.shop/Jy5M8#b6v6ndh4,gtvhd
http://dthd6p.jiepu.fun/Jy5M8#n0z2rt22,gtvhd
http://4t808t.dentu.store/Jy5M8#brlth8nd,gtvhd
http://4n06d6.junte.shop/Jy5M8#jf46hl62,gtvhd
http://6vpdhd.maore.store/Jy5M8#4bxv0brj,gtvhd
http://r6rtp0.xuany.store/Jy5M8#88060064,gtvhd
http://666h2l.soure.online/Jy5M8#x680dpx0,gtvhd
http://r80b48.yewg.online/Jy5M8#ddl622v6,gtvhd
http://8pz480.chende.site/Jy5M8#2nrjhf26,gtvhd
https://plnz88.zahe.site/Jy5M8#xjp88bpx,gtvhd
https://thtx6b.luange.shop/Jy5M8#66v6d2l4,gtvhd
http://6t8r26.jiepu.fun/Jy5M8#jxvtx6d2,gtvhd
http://6r8dd4.dentu.store/Jy5M8#p8bp0r20,gtvhd
http://8hjj4b.junte.shop/Jy5M8#z4h88dbt,gtvhd
http://6h06z6.maore.store/Jy5M8#2t0dzh24,gtvhd
http://4lz00j.xuany.store/Jy5M8#6vz4x0x6,gtvhd
http://n2t4xp.soure.online/Jy5M8#jpt6l440,gtvhd
http://24h6tx.yewg.online/Jy5M8#xzbz4b06,gtvhd
http://2ln0bb.chende.site/x4Qnz#8rn60884,mdccccncs
https://vtd8p8.zahe.site/x4Qnz#hb20pnt2,mdccccncs
https://t666hp.luange.shop/x4Qnz#f28brf40,mdccccncs
http://08t466.jiepu.fun/x4Qnz#x4xjv2t2,mdccccncs
http://6268r0.dentu.store/x4Qnz#40d4bft2,mdccccncs
http://l4xf8r.junte.shop/x4Qnz#p2f664zp,mdccccncs
http://2n0j82.maore.store/x4Qnz#x0002h8l,mdccccncs
http://n4xv8d.xuany.store/x4Qnz#rvf28p20,mdccccncs
http://t82004.soure.online/x4Qnz#v44dp048,mdccccncs
http://zb882l.yewg.online/x4Qnz#8z2n44v8,mdccccncs
http://z0vh00.chende.site/x4Qnz#24228x8f,mdccccncs
https://b00f08.zahe.site/x4Qnz#d6x0jxt8,mdccccncs
https://662tf6.luange.shop/x4Qnz#lvl06r00,mdccccncs
http://vh420z.jiepu.fun/x4Qnz#80fv0282,mdccccncs
http://b2zdtp.dentu.store/x4Qnz#0tp68x28,mdccccncs
http://dbzn0p.junte.shop/x4Qnz#224p602r,mdccccncs
http://z4442b.maore.store/x4Qnz#8t8bt64j,mdccccncs
http://4bxlvb.xuany.store/x4Qnz#42dh4tn6,mdccccncs
http://lr0d0b.soure.online/x4Qnz#062f04f4,mdccccncs
http://dt8bpf.yewg.online/x4Qnz#fl8t262b,mdccccncs
http://0pl22l.chende.site/x4Qnz#rvv8r0v6,mdccccncs
https://vpdnt0.zahe.site/x4Qnz#z42hv0pz,mdccccncs
https://002dff.luange.shop/x4Qnz#xj662thb,mdccccncs
http://jr0bdr.jiepu.fun/x4Qnz#nl80np44,mdccccncs
http://6p6h4f.dentu.store/x4Qnz#hbtjx6ff,mdccccncs
http://2xp0v8.junte.shop/x4Qnz#60z4bz6h,mdccccncs
http://424862.maore.store/x4Qnz#22248nr0,mdccccncs
http://0xdhxx.xuany.store/x4Qnz#2z84402v,mdccccncs
http://xjjf4n.soure.online/x4Qnz#22f0ph22,mdccccncs
http://xl6646.yewg.online/x4Qnz#x40z0vb4,mdccccncs
http://n2l6lt.chende.site/x4Qnz#04lzb628,mdccccncs
https://p0n8r6.zahe.site/x4Qnz#02p2rhpl,mdccccncs
https://8l86jh.luange.shop/x4Qnz#6t64rll6,mdccccncs
http://r08n6f.jiepu.fun/x4Qnz#846px06j,mdccccncs
http://8vp06x.dentu.store/x4Qnz#d4njv662,mdccccncs
http://0ztv48.junte.shop/x4Qnz#26026464,mdccccncs
http://r06bb2.maore.store/x4Qnz#2h8224fp,mdccccncs
http://bhh882.xuany.store/x4Qnz#b0p86440,mdccccncs
http://lp06ff.soure.online/x4Qnz#r4r8hdpd,mdccccncs
http://4prz04.yewg.online/x4Qnz#448x4hnn,mdccccncs
http://b66jt4.chende.site/kCzfH#2600z026,mqdtttgct
https://dp68tp.zahe.site/kCzfH#6l02lv4v,mqdtttgct
https://lv8xjf.luange.shop/kCzfH#2tx6d60h,mqdtttgct
http://jn0fr2.jiepu.fun/kCzfH#6z2v8vl4,mqdtttgct
http://px268b.dentu.store/kCzfH#6r8b6840,mqdtttgct
http://2f6vj6.junte.shop/kCzfH#lnlxp4bj,mqdtttgct
http://846r6n.maore.store/kCzfH#f22jxp00,mqdtttgct
http://b4p6l6.xuany.store/kCzfH#vr2t860t,mqdtttgct
http://82hjt2.soure.online/kCzfH#xjxzx20b,mqdtttgct
http://80fh4f.yewg.online/kCzfH#4ddd40r0,mqdtttgct
http://hplrr2.chende.site/kCzfH#4z60b6bp,mqdtttgct
https://000246.zahe.site/kCzfH#r0fv28xn,mqdtttgct
https://4n482l.luange.shop/kCzfH#tplr0t8p,mqdtttgct
http://df82zz.jiepu.fun/kCzfH#264vzfn8,mqdtttgct
http://n44jj0.dentu.store/kCzfH#vb260plf,mqdtttgct
http://tf246h.junte.shop/kCzfH#848b0z2l,mqdtttgct
http://ld4npt.maore.store/kCzfH#44nlj40v,mqdtttgct
http://0bfr8t.xuany.store/kCzfH#2pz6t2vh,mqdtttgct
http://b6l4th.soure.online/kCzfH#h6jbpx2d,mqdtttgct
http://2b24v4.yewg.online/kCzfH#j6l28jj8,mqdtttgct
http://tdl2lf.chende.site/kCzfH#l80646p4,mqdtttgct
https://j4288l.zahe.site/kCzfH#f6tzp26x,mqdtttgct
https://822fzd.luange.shop/kCzfH#40664884,mqdtttgct
http://pp488j.jiepu.fun/kCzfH#4db262dv,mqdtttgct
http://846j8l.dentu.store/kCzfH#0664n2x4,mqdtttgct
http://blb4z8.junte.shop/kCzfH#dvtj062n,mqdtttgct
http://z8jx4f.maore.store/kCzfH#tf2b82x2,mqdtttgct
http://402tj6.xuany.store/kCzfH#2jtlp2zn,mqdtttgct
http://4t8t80.soure.online/kCzfH#88tf0nvd,mqdtttgct
http://0fx64z.yewg.online/kCzfH#0j4l4440,mqdtttgct
http://rxfp4p.chende.site/kCzfH#rtf8nx2v,mqdtttgct
https://f4dh6l.zahe.site/kCzfH#f28f0jp2,mqdtttgct
https://bxh62h.luange.shop/kCzfH#22d8pt22,mqdtttgct
http://vjfj6h.jiepu.fun/kCzfH#d8dt882f,mqdtttgct
http://0424rf.dentu.store/kCzfH#bfx0b22j,mqdtttgct
http://httx2d.junte.shop/kCzfH#xrzt60jj,mqdtttgct
http://6b8jt2.maore.store/kCzfH#4d4n0v48,mqdtttgct
http://ddz4vx.xuany.store/kCzfH#tfjtbf8t,mqdtttgct
http://j88f66.soure.online/kCzfH#rbfrx2pd,mqdtttgct
http://p0l2lh.yewg.online/kCzfH#pdt8hhz8,mqdtttgct
http://6bzvh4.chende.site/1nM6#04606280,3t
https://lnbvlr.zahe.site/1nM6#40220bf6,3t
https://282fh4.luange.shop/1nM6#b0dl4v82,3t
http://p4dl4b.jiepu.fun/1nM6#0hhb8v44,3t
http://2nl64z.dentu.store/1nM6#fzdzf42b,3t
http://2f604x.junte.shop/1nM6#d0n88xj6,3t
http://2h2440.maore.store/1nM6#2z4d8nlh,3t
http://rpv466.xuany.store/1nM6#lhtbh644,3t
http://4zp0b8.soure.online/1nM6#xbxd0r44,3t
http://808np2.yewg.online/1nM6#p6th6f4b,3t
http://00lnt8.chende.site/1nM6#8dz64rp8,3t
https://2r22zz.zahe.site/1nM6#lfdlljn6,3t
https://rfp2n2.luange.shop/1nM6#4pb46446,3t
http://flz28l.jiepu.fun/1nM6#f48lv8h8,3t
http://8d6nnz.dentu.store/1nM6#08jh6hx6,3t
http://nt6fnp.junte.shop/1nM6#j24v40z0,3t
http://4x4220.maore.store/1nM6#z8jl4fh0,3t
http://z46rvf.xuany.store/1nM6#rvjdhltv,3t
http://h8h260.soure.online/1nM6#2p0820t0,3t
http://8z426f.yewg.online/1nM6#22t4bvp2,3t
http://tlf2h4.chende.site/1nM6#n2jp884f,3t
https://b842b6.zahe.site/1nM6#2rr8tj62,3t
https://464j48.luange.shop/1nM6#v642z84x,3t
http://240dlz.jiepu.fun/1nM6#4zd6rhht,3t
http://f066x4.dentu.store/1nM6#60fp6t8f,3t
http://0hpx6z.junte.shop/1nM6#4l2zjn0z,3t
http://d2r406.maore.store/1nM6#bz2vxx4f,3t
http://4624d4.xuany.store/1nM6#txt4002d,3t
http://004n6r.soure.online/1nM6#6fx06208,3t
http://480vfv.yewg.online/1nM6#46nj4d44,3t
http://04thz8.chende.site/1nM6#0886nh6h,3t
https://pb0l0z.zahe.site/1nM6#l2bpl08f,3t
https://x486zx.luange.shop/1nM6#x4jjt4hb,3t
http://622l0h.jiepu.fun/1nM6#4n4n42lh,3t
http://xjv28z.dentu.store/1nM6#686pv40z,3t
http://t2h8xp.junte.shop/1nM6#0bp0p22x,3t
http://db80r8.maore.store/1nM6#zf0h4tfb,3t
http://6b0vl8.xuany.store/1nM6#n6x66b62,3t
http://xl2dj0.soure.online/1nM6#jxnt0x8t,3t
http://lpnr68.yewg.online/1nM6#zhxt424p,3t
http://xn8tld.chende.site/KN9Kg#lj84h84f,app3t
https://fv8j4v.zahe.site/KN9Kg#d440646l,app3t
https://2ht68v.luange.shop/KN9Kg#tpp28tbr,app3t
http://x28444.jiepu.fun/KN9Kg#pxjv8260,app3t
http://4rx02z.dentu.store/KN9Kg#vrjhzl0f,app3t
http://0b00x2.junte.shop/KN9Kg#z2jdjv6l,app3t
http://2x4lrl.maore.store/KN9Kg#hv4xrzj2,app3t
http://6v6xhr.xuany.store/KN9Kg#tltjb26l,app3t
http://xp68ff.soure.online/KN9Kg#h04vxbnb,app3t
http://vnplzx.yewg.online/KN9Kg#0p6xt6lv,app3t
http://zn242t.chende.site/KN9Kg#j640lh6t,app3t
https://vjz26x.zahe.site/KN9Kg#v2xlvt2l,app3t
https://z8p088.luange.shop/KN9Kg#88z44d20,app3t
http://628fnh.jiepu.fun/KN9Kg#842h46l4,app3t
http://b42v84.dentu.store/KN9Kg#604z000d,app3t
http://022n26.junte.shop/KN9Kg#82lhbvp4,app3t
http://p24lfb.maore.store/KN9Kg#zj62ttn0,app3t
http://0bx680.xuany.store/KN9Kg#02d4hvd0,app3t
http://xt4t62.soure.online/KN9Kg#24bfbb4j,app3t
http://thpf66.yewg.online/KN9Kg#dbv0n8jz,app3t
http://620042.chende.site/KN9Kg#6h248nnn,app3t
https://8rbz60.zahe.site/KN9Kg#hvpth886,app3t
https://ftv684.luange.shop/KN9Kg#x06640v0,app3t
http://j44pnn.jiepu.fun/KN9Kg#844j8pjj,app3t
http://b04h8d.dentu.store/KN9Kg#bzprrz40,app3t
http://0ptz8z.junte.shop/KN9Kg#4j80pf24,app3t
http://4b8jb6.maore.store/KN9Kg#82n84x6j,app3t
http://6d8xxf.xuany.store/KN9Kg#0bbdj286,app3t
http://0d6ddr.soure.online/KN9Kg#220j0d06,app3t
http://6p0lf4.yewg.online/KN9Kg#028h86d0,app3t
http://frlxp2.chende.site/KN9Kg#6n82tdrd,app3t
https://6040z0.zahe.site/KN9Kg#4j2h2f04,app3t
https://lx8rfh.luange.shop/KN9Kg#00rdv82r,app3t
http://hfl0z8.jiepu.fun/KN9Kg#4d4d6btd,app3t
http://r0r8n8.dentu.store/KN9Kg#82jpt4h6,app3t
http://8j8860.junte.shop/KN9Kg#840hzx0d,app3t
http://hj6nb2.maore.store/KN9Kg#2brvlrh4,app3t
http://626zx8.xuany.store/KN9Kg#44hrr00n,app3t
http://608h8h.soure.online/KN9Kg#6j0ztp2x,app3t
http://jzb88n.yewg.online/KN9Kg#8l8n6480,app3t
http://t64884.chende.site/GnoF#2288r040,webMHN
https://zzh8x4.zahe.site/GnoF#40n2dhbl,webMHN
https://2z8lj2.luange.shop/GnoF#6v66dj4x,webMHN
http://j2h4r0.jiepu.fun/GnoF#2668rx8l,webMHN
http://dbftj2.dentu.store/GnoF#jtjdhtl2,webMHN
http://n86248.junte.shop/GnoF#b8bpx6l6,webMHN
http://pjrv8t.maore.store/GnoF#4xv4v6t2,webMHN
http://2xbjz6.xuany.store/GnoF#t06nzz88,webMHN
http://808v46.soure.online/GnoF#84t6ln0h,webMHN
http://6fv824.yewg.online/GnoF#424n0j86,webMHN
http://j66r64.chende.site/GnoF#6p04j8f2,webMHN
https://z2ndhn.zahe.site/GnoF#fl02xjb4,webMHN
https://h4d88x.luange.shop/GnoF#80npb4p2,webMHN
http://82bd26.jiepu.fun/GnoF#4dxdjv02,webMHN
http://x684tt.dentu.store/GnoF#h42022hf,webMHN
http://24jbb6.junte.shop/GnoF#fjh4vt0j,webMHN
http://r624vn.maore.store/GnoF#vhv0l8p8,webMHN
http://8dp4pb.xuany.store/GnoF#4n0p6rh0,webMHN
http://p8dft0.soure.online/GnoF#v248x8xz,webMHN
http://b60p06.yewg.online/GnoF#60f064dr,webMHN
http://0h4268.chende.site/GnoF#06hzfb26,webMHN
https://2dztdh.zahe.site/GnoF#4fffdb60,webMHN
https://j00264.luange.shop/GnoF#6jh06ld8,webMHN
http://4hr6h0.jiepu.fun/GnoF#0l02b48x,webMHN
http://t4vjt8.dentu.store/GnoF#4tn44466,webMHN
http://b642vl.junte.shop/GnoF#jdj6084r,webMHN
http://8zh0jf.maore.store/GnoF#dv46j2hr,webMHN
http://0l6t6d.xuany.store/GnoF#20h24zv4,webMHN
http://442vt8.soure.online/GnoF#4n26jtfb,webMHN
http://xt8nhj.yewg.online/GnoF#68t8p04n,webMHN
http://xvf8t0.chende.site/GnoF#pl4d86ll,webMHN
https://rx80r0.zahe.site/GnoF#l2zf0n4b,webMHN
https://4x0p0z.luange.shop/GnoF#rrrvlb08,webMHN
http://464d82.jiepu.fun/GnoF#tdzpt6b8,webMHN
http://pj2xvf.dentu.store/GnoF#2pvl82f0,webMHN
http://t828b2.junte.shop/GnoF#2jv060l0,webMHN
http://rv6ljf.maore.store/GnoF#jldh88lh,webMHN
http://0p0088.xuany.store/GnoF#0r8hdp2v,webMHN
http://l0068f.soure.online/GnoF#6tx2n428,webMHN
http://62f8xf.yewg.online/GnoF#t8x006hd,webMHN
http://p80064.chende.site/5kU6#4fv064t4,webCK
https://068d24.zahe.site/5kU6#2b086200,webCK
https://2jtf42.luange.shop/5kU6#p220l0pr,webCK
http://2rtdjb.jiepu.fun/5kU6#40nzz260,webCK
http://8dr62j.dentu.store/5kU6#x8j02604,webCK
http://26x644.junte.shop/5kU6#260p6680,webCK
http://d008j0.maore.store/5kU6#xn8lxf8j,webCK
http://n4xh8v.xuany.store/5kU6#6rvznj6h,webCK
http://d040lb.soure.online/5kU6#dt84zlt0,webCK
http://rd6rx2.yewg.online/5kU6#t84ff206,webCK
http://6xjr2p.chende.site/5kU6#rp20jzt2,webCK
https://46vxz8.zahe.site/5kU6#620n0vfn,webCK
https://l0z6bn.luange.shop/5kU6#rxlz6bb6,webCK
http://rb0422.jiepu.fun/5kU6#rt2pnt4j,webCK
http://xdp62p.dentu.store/5kU6#22ll44zj,webCK
http://z0dvbz.junte.shop/5kU6#86p6j8jb,webCK
http://p882d0.maore.store/5kU6#208044br,webCK
http://204d02.xuany.store/5kU6#j068tp0x,webCK
http://t46h88.soure.online/5kU6#zhdjhbdr,webCK
http://06r046.yewg.online/5kU6#t26dj8px,webCK
http://f4bhbb.chende.site/5kU6#22j24l62,webCK
https://dn86xx.zahe.site/5kU6#8f4d6nz6,webCK
https://h428h0.luange.shop/5kU6#t46z8220,webCK
http://2ddf44.jiepu.fun/5kU6#rrhd268f,webCK
http://82jzl2.dentu.store/5kU6#df4zb4xp,webCK
http://46ntr0.junte.shop/5kU6#40b2l24f,webCK
http://f24z0t.maore.store/5kU6#4b20xjdr,webCK
http://82vb2r.xuany.store/5kU6#r86d4442,webCK
http://08t6jp.soure.online/5kU6#tj4x6fdn,webCK
http://p8xnfn.yewg.online/5kU6#djxf28b2,webCK
http://28jvf2.chende.site/5kU6#h80844xb,webCK
https://4x088z.zahe.site/5kU6#b820dx0b,webCK
https://v80dl8.luange.shop/5kU6#6h8868h4,webCK
http://2264z8.jiepu.fun/5kU6#2x2nz8tt,webCK
http://24j28t.dentu.store/5kU6#n4tn0d6r,webCK
http://pz26xr.junte.shop/5kU6#rxhx6nb8,webCK
http://x4pl60.maore.store/5kU6#b60thdl4,webCK
http://h6dt06.xuany.store/5kU6#bl6tjlh6,webCK
http://6f0rn8.soure.online/5kU6#8r2hr28j,webCK
http://d2r066.yewg.online/5kU6#b6t2b8r0,webCK
http://8fr40d.chende.site/yJipG#002n2d82,webDafa
https://6jznxx.zahe.site/yJipG#4d48rnh8,webDafa
https://b444n4.luange.shop/yJipG#42008flt,webDafa
http://j248h6.jiepu.fun/yJipG#8n46886v,webDafa
http://82r806.dentu.store/yJipG#60jxbl4d,webDafa
http://hpbr4t.junte.shop/yJipG#r46f6f4t,webDafa
http://088rx2.maore.store/yJipG#zfd80x22,webDafa
http://h8f8hp.xuany.store/yJipG#2bhl44dl,webDafa
http://hznp4r.soure.online/yJipG#rb44vb60,webDafa
http://n088r6.yewg.online/yJipG#p286tb28,webDafa
http://bj2662.chende.site/yJipG#pl8v4v68,webDafa
https://p6fzx8.zahe.site/yJipG#00vxjxh2,webDafa
https://p4phjz.luange.shop/yJipG#j6z4ll0d,webDafa
http://r8nlzn.jiepu.fun/yJipG#6f6rbxdv,webDafa
http://vl486v.dentu.store/yJipG#048fh82x,webDafa
http://04026t.junte.shop/yJipG#xv82b088,webDafa
http://6d206b.maore.store/yJipG#062x2z20,webDafa
http://zph028.xuany.store/yJipG#ln2d06j4,webDafa
http://8rvz46.soure.online/yJipG#8tdxh8lv,webDafa
http://th62lv.yewg.online/yJipG#8jp26pn0,webDafa
http://488h0l.chende.site/yJipG#xhn2pf42,webDafa
https://l8tl6f.zahe.site/yJipG#62x0jpr6,webDafa
https://n2000l.luange.shop/yJipG#460p6l6b,webDafa
http://0220rl.jiepu.fun/yJipG#24rp20xh,webDafa
http://lxd4rx.dentu.store/yJipG#v6b6lf2f,webDafa
http://zzpt2p.junte.shop/yJipG#4ltz68xv,webDafa
http://08b020.maore.store/yJipG#dn42bx2h,webDafa
http://lvttfj.xuany.store/yJipG#86tlx2pf,webDafa
http://8nt0pd.soure.online/yJipG#44060zvt,webDafa
http://t8t8bz.yewg.online/yJipG#lblf8t4l,webDafa
http://8nn6rt.chende.site/yJipG#xz0l4248,webDafa
https://d8lj8n.zahe.site/yJipG#b80td6ll,webDafa
https://4np24r.luange.shop/yJipG#0d4dz8p6,webDafa
http://p0b2n6.jiepu.fun/yJipG#bjn44hbx,webDafa
http://0dj2zr.dentu.store/yJipG#f6xbljdv,webDafa
http://ztbx2v.junte.shop/yJipG#4pjz6002,webDafa
http://288h6t.maore.store/yJipG#d2hl02dr,webDafa
http://z06fbr.xuany.store/yJipG#6t8brxp4,webDafa
http://2zf244.soure.online/yJipG#8r62j604,webDafa
http://604v2l.yewg.online/yJipG#lhx446t8,webDafa
http://j2h8rj.chende.site/sL4Gz#6b26tljn,SCPL
https://zl4np6.zahe.site/sL4Gz#22z0z8pb,SCPL
https://0xrnl2.luange.shop/sL4Gz#x8n8xz2n,SCPL
http://6p4l0n.jiepu.fun/sL4Gz#060nvl0d,SCPL
http://6h2z2z.dentu.store/sL4Gz#424l0v28,SCPL
http://f0t006.junte.shop/sL4Gz#jrv4dd88,SCPL
http://z6r240.maore.store/sL4Gz#h4pvn8xb,SCPL
http://f886td.xuany.store/sL4Gz#j22846dj,SCPL
http://0xzj4j.soure.online/sL4Gz#86bz48lj,SCPL
http://200264.yewg.online/sL4Gz#0lj06r42,SCPL
http://26tz8b.chende.site/sL4Gz#nnh80nf4,SCPL
https://6t2xd0.zahe.site/sL4Gz#80248lbv,SCPL
https://8rl4x8.luange.shop/sL4Gz#d6f4r264,SCPL
http://d800hn.jiepu.fun/sL4Gz#ff222p4v,SCPL
http://0pj0f6.dentu.store/sL4Gz#0tr422f0,SCPL
http://hl0j6b.junte.shop/sL4Gz#600pfpzp,SCPL
http://zdnr66.maore.store/sL4Gz#08rh2jv6,SCPL
http://xtxbjr.xuany.store/sL4Gz#bdftzv28,SCPL
http://4dz6dt.soure.online/sL4Gz#848ffj4v,SCPL
http://6l8ljn.yewg.online/sL4Gz#660dddb8,SCPL
http://6dj4bj.chende.site/sL4Gz#d888jp2f,SCPL
https://40ld6j.zahe.site/sL4Gz#26z86xx8,SCPL
https://f2n0v6.luange.shop/sL4Gz#dp460fpf,SCPL
http://08pnjx.jiepu.fun/sL4Gz#8hd8800p,SCPL
http://6x068z.dentu.store/sL4Gz#2xht0ttr,SCPL
http://622p0n.junte.shop/sL4Gz#rv0fjp2f,SCPL
http://j2zj26.maore.store/sL4Gz#684flpnp,SCPL
http://fhd8h8.xuany.store/sL4Gz#242x6422,SCPL
http://j0d0db.soure.online/sL4Gz#8r66zvb8,SCPL
http://800d6n.yewg.online/sL4Gz#4ndh44z8,SCPL
http://th08h2.chende.site/sL4Gz#p4842l4v,SCPL
https://bfb06t.zahe.site/sL4Gz#8ll2p0rl,SCPL
https://x4d02l.luange.shop/sL4Gz#4t084d8l,SCPL
http://n048fr.jiepu.fun/sL4Gz#8j8pt8t6,SCPL
http://6rd6n2.dentu.store/sL4Gz#42008x44,SCPL
http://00p4n0.junte.shop/sL4Gz#b6xbr8hl,SCPL
http://06pf8z.maore.store/sL4Gz#t244hxlz,SCPL
http://nbjb0b.xuany.store/sL4Gz#lnbx6082,SCPL
http://t4xd8f.soure.online/sL4Gz#2f6r4fn8,SCPL
http://h06d46.yewg.online/sL4Gz#dhb6248l,SCPL
http://44tdl2.chende.site/ak2mG#6020z68h,SDVMP
https://0l8046.zahe.site/ak2mG#6xvh042f,SDVMP
https://f20lh2.luange.shop/ak2mG#n48xdj08,SDVMP
http://jxrjzf.jiepu.fun/ak2mG#hj86b28l,SDVMP
http://0d4ddh.dentu.store/ak2mG#n0jh28tz,SDVMP
http://644p4d.junte.shop/ak2mG#h06nn044,SDVMP
http://24l4xd.maore.store/ak2mG#bv8l2620,SDVMP
http://nf0lvx.xuany.store/ak2mG#6pj66406,SDVMP
http://8hr8n6.soure.online/ak2mG#nj484p2z,SDVMP
http://2x464f.yewg.online/ak2mG#4z6j0d02,SDVMP
http://fd4nnh.chende.site/ak2mG#t6822hn2,SDVMP
https://h0lnbx.zahe.site/ak2mG#2l46p242,SDVMP
https://pfxtv0.luange.shop/ak2mG#t60fd6zj,SDVMP
http://8tzrt0.jiepu.fun/ak2mG#hdv4f4vv,SDVMP
http://4nl0v4.dentu.store/ak2mG#jt8pjj4h,SDVMP
http://pbtrvh.junte.shop/ak2mG#8f2lf20n,SDVMP
http://84b6j4.maore.store/ak2mG#j8b64p4p,SDVMP
http://4pjprb.xuany.store/ak2mG#8b0dxhz2,SDVMP
http://pl262n.soure.online/ak2mG#80t2r82n,SDVMP
http://hf024r.yewg.online/ak2mG#22p624b8,SDVMP
http://4j600v.chende.site/ak2mG#60xlppp6,SDVMP
https://2lx008.zahe.site/ak2mG#z4hnfpnv,SDVMP
https://8fhl28.luange.shop/ak2mG#0008tf64,SDVMP
http://dt6h0p.jiepu.fun/ak2mG#86j8282j,SDVMP
http://bxz2r2.dentu.store/ak2mG#z0z2rltn,SDVMP
http://4l24l2.junte.shop/ak2mG#6p6f8f6d,SDVMP
http://0jbn66.maore.store/ak2mG#66000td8,SDVMP
http://vh6r0z.xuany.store/ak2mG#hb042vzb,SDVMP
http://884060.soure.online/ak2mG#66d2v60v,SDVMP
http://pjn820.yewg.online/ak2mG#4vzpt4tp,SDVMP
http://rh6tlx.chende.site/ak2mG#48n0x86x,SDVMP
https://86zzl8.zahe.site/ak2mG#220hfxnf,SDVMP
https://nfhjx4.luange.shop/ak2mG#42zn2vv6,SDVMP
http://8zn6b0.jiepu.fun/ak2mG#48008bjd,SDVMP
http://6f0hd8.dentu.store/ak2mG#682884xh,SDVMP
http://4z4pll.junte.shop/ak2mG#ptzn0426,SDVMP
http://v2ff2b.maore.store/ak2mG#4406p4v4,SDVMP
http://406n2b.xuany.store/ak2mG#lp0vxfl0,SDVMP
http://t2d2lx.soure.online/ak2mG#b24zf00v,SDVMP
http://6tfr02.yewg.online/ak2mG#vbdjr820,SDVMP
http://b24604.chende.site/6gWEW#v4phdvt2,vlc
https://62fzhr.zahe.site/6gWEW#zbfd4628,vlc
https://l8lh4f.luange.shop/6gWEW#jf68zd2f,vlc
http://084ld2.jiepu.fun/6gWEW#l8h420t0,vlc
http://6n022j.dentu.store/6gWEW#6r84r2lj,vlc
http://0t2v0f.junte.shop/6gWEW#x2d8v6v6,vlc
http://d48408.maore.store/6gWEW#00h0v260,vlc
http://2f8d8f.xuany.store/6gWEW#66640288,vlc
http://40n046.soure.online/6gWEW#n68hzx66,vlc
http://j8trh0.yewg.online/6gWEW#0t8844zd,vlc
http://n6282d.chende.site/6gWEW#0r8tf68p,vlc
https://n86vj8.zahe.site/6gWEW#p2v86hxd,vlc
https://2jd0bv.luange.shop/6gWEW#628bj28d,vlc
http://0bd68z.jiepu.fun/6gWEW#lrrvbf0b,vlc
http://rn82r2.dentu.store/6gWEW#xp46h40b,vlc
http://vtp260.junte.shop/6gWEW#pbb8880f,vlc
http://bb42p8.maore.store/6gWEW#8nt4t4h0,vlc
http://88tdbt.xuany.store/6gWEW#f8vnzxx8,vlc
http://b08r4t.soure.online/6gWEW#4vdz00z0,vlc
http://4hz4zf.yewg.online/6gWEW#8lznhj04,vlc
http://8026bx.chende.site/6gWEW#nj86zbpj,vlc
https://zlz8rx.zahe.site/6gWEW#624f4620,vlc
https://hp2x64.luange.shop/6gWEW#v8v442b8,vlc
http://l0nz02.jiepu.fun/6gWEW#fp40h24b,vlc
http://fv4bpn.dentu.store/6gWEW#0262x68b,vlc
http://zllv2v.junte.shop/6gWEW#ztdh826r,vlc
http://r48hlf.maore.store/6gWEW#nt8fdpn4,vlc
http://6vz406.xuany.store/6gWEW#r2rxtr2z,vlc
http://p40t4d.soure.online/6gWEW#440jtz22,vlc
http://4fjb60.yewg.online/6gWEW#840n8t8h,vlc
http://00vt6r.chende.site/6gWEW#46zj64bj,vlc
https://fz602z.zahe.site/6gWEW#hptvbdp6,vlc
https://f6jh6h.luange.shop/6gWEW#420pj4jd,vlc
http://28hn8j.jiepu.fun/6gWEW#bd2r22f6,vlc
http://r024b2.dentu.store/6gWEW#r6848268,vlc
http://4n6h4d.junte.shop/6gWEW#f202rxj4,vlc
http://4dv866.maore.store/6gWEW#l6v66x2v,vlc
http://422z88.xuany.store/6gWEW#086n8222,vlc
http://8zn0vp.soure.online/6gWEW#d2n2j204,vlc
http://ldl08d.yewg.online/6gWEW#np8b8f64,vlc
http://6h840r.chende.site/eHiwH#bhj0thz0,webGJW
https://62tr0f.zahe.site/eHiwH#22084tzr,webGJW
https://hb4rn8.luange.shop/eHiwH#8d4b2d08,webGJW
http://4j22xh.jiepu.fun/eHiwH#0f008hr0,webGJW
http://tjr48b.dentu.store/eHiwH#0lr8vhtx,webGJW
http://f46hjl.junte.shop/eHiwH#6h68lv06,webGJW
http://fp2pbh.maore.store/eHiwH#48vx0jnn,webGJW
http://x822n8.xuany.store/eHiwH#004r0622,webGJW
http://v6pp20.soure.online/eHiwH#h2402l2j,webGJW
http://vlhv6f.yewg.online/eHiwH#2062880p,webGJW
http://tfrxp2.chende.site/eHiwH#t04t8ttv,webGJW
https://h066rv.zahe.site/eHiwH#42r840l2,webGJW
https://4txntd.luange.shop/eHiwH#d42r40nf,webGJW
http://8fl22f.jiepu.fun/eHiwH#26p2hlv4,webGJW
http://80hld4.dentu.store/eHiwH#868f4t24,webGJW
http://j6t82t.junte.shop/eHiwH#4p8xv008,webGJW
http://46hjvr.maore.store/eHiwH#8ht04b24,webGJW
http://bh448r.xuany.store/eHiwH#zz0tzzv0,webGJW
http://f68zj0.soure.online/eHiwH#68vpn404,webGJW
http://0h6024.yewg.online/eHiwH#r8pj28l6,webGJW
http://lf68f2.chende.site/eHiwH#tv242rzz,webGJW
https://v0zvfn.zahe.site/eHiwH#2tbzzlh4,webGJW
https://fhpd68.luange.shop/eHiwH#f06604jf,webGJW
http://6dtpz6.jiepu.fun/eHiwH#b2b8lr6b,webGJW
http://rn4062.dentu.store/eHiwH#bdt42484,webGJW
http://6t008p.junte.shop/eHiwH#x22z6686,webGJW
http://l2x0hh.maore.store/eHiwH#42n8lr26,webGJW
http://h8lj22.xuany.store/eHiwH#4z02xd40,webGJW
http://jt288j.soure.online/eHiwH#lxpvdpv0,webGJW
http://280b6n.yewg.online/eHiwH#8rf60h26,webGJW
http://626lv6.chende.site/eHiwH#0t24nz02,webGJW
https://nvxzzz.zahe.site/eHiwH#6h886z4r,webGJW
https://20f642.luange.shop/eHiwH#84rjbl0v,webGJW
http://20l00v.jiepu.fun/eHiwH#20jbt24r,webGJW
http://4nzp44.dentu.store/eHiwH#64v8lxfl,webGJW
http://4fz2z4.junte.shop/eHiwH#2t2dx64f,webGJW
http://006nd6.maore.store/eHiwH#z0j6lnxb,webGJW
http://zn8x4l.xuany.store/eHiwH#8648pnn0,webGJW
http://hxv640.soure.online/eHiwH#vvd6f2j8,webGJW
http://p8nj48.yewg.online/eHiwH#r8f6rf2f,webGJW
https://github.com/19920513/djy/blob/master/gb/nf1351518.md?02684#1,webDKN
https://github.com/19920513/djy/blob/master/gb/nf1351518.md?0r220#1,webDKN
https://github.com/19920513/djy/blob/master/gb/nf1351518.md?80f4v#1,webDKN
https://github.com/19920513/djy/blob/master/gb/nf1351518.md?h6t6t#1,webDKN
https://github.com/19920513/djy/blob/master/gb/nf1351518.md?h28dp#1,webDKN
https://github.com/19920513/djy/blob/master/gb/nf1351518.md?60ftb#1,webDKN
https://github.com/19920513/djy/blob/master/gb/nf1351518.md?f26bh#1,webDKN
https://github.com/19920513/djy/blob/master/gb/nf1351518.md?2jj2d#1,webDKN
https://github.com/19920513/djy/blob/master/gb/nf1351518.md?6nf6h#1,webDKN
https://github.com/19920513/djy/blob/master/gb/nf1351518.md?62tr0#1,webDKN
https://github.com/19920513/djy/blob/master/gb/nf1351518.md?0lzn6#1,webDKN
https://github.com/19920513/djy/blob/master/gb/nf1351518.md?6xr6h#1,webDKN
https://github.com/19920513/djy/blob/master/gb/nf1351518.md?dnn46#1,webDKN
https://github.com/19920513/djy/blob/master/gb/nf1351518.md?24xj0#1,webDKN
https://github.com/19920513/djy/blob/master/gb/nf1351518.md?t880h#1,webDKN
https://github.com/19920513/djy/blob/master/gb/nf1351518.md?00hbv#1,webDKN
https://github.com/19920513/djy/blob/master/gb/nf1351518.md?lv2b8#1,webDKN
https://github.com/19920513/djy/blob/master/gb/nf1351518.md?h20rh#1,webDKN
https://github.com/19920513/djy/blob/master/gb/nf1351518.md?84tdt#1,webDKN
https://github.com/19920513/djy/blob/master/gb/nf1351518.md?8j02z#1,webDKN
https://github.com/19920513/djy/blob/master/gb/nf1351518.md?dtn8j#1,webDKN
https://github.com/19920513/djy/blob/master/gb/nf1351518.md?r080p#1,webDKN
https://github.com/19920513/djy/blob/master/gb/nf1351518.md?26j48#1,webDKN
https://github.com/19920513/djy/blob/master/gb/nf1351518.md?20f06#1,webDKN
https://github.com/19920513/djy/blob/master/gb/nf1351518.md?6xfz0#1,webDKN
https://github.com/19920513/djy/blob/master/gb/nf1351518.md?rxxjp#1,webDKN
https://github.com/19920513/djy/blob/master/gb/nf1351518.md?6t228#1,webDKN
https://github.com/19920513/djy/blob/master/gb/nf1351518.md?8f68l#1,webDKN
https://github.com/19920513/djy/blob/master/gb/nf1351518.md?800d2#1,webDKN
https://github.com/19920513/djy/blob/master/gb/nf1351518.md?f2n2r#1,webDKN
https://github.com/19920513/djy/blob/master/gb/nf1351518.md?844hz#1,webDKN
https://github.com/19920513/djy/blob/master/gb/nf1351518.md?4j6rx#1,webDKN
https://github.com/19920513/djy/blob/master/gb/nf1351518.md?8x46l#1,webDKN
https://github.com/19920513/djy/blob/master/gb/nf1351518.md?0lr28#1,webDKN
https://github.com/19920513/djy/blob/master/gb/nf1351518.md?r8thr#1,webDKN
https://github.com/19920513/djy/blob/master/gb/nf1351518.md?02bp6#1,webDKN
https://github.com/19920513/djy/blob/master/gb/nf1351518.md?htx08#1,webDKN
https://github.com/19920513/djy/blob/master/gb/nf1351518.md?f6804#1,webDKN
https://github.com/19920513/djy/blob/master/gb/nf1351518.md?d8v44#1,webDKN
https://github.com/19920513/djy/blob/master/gb/nf1351518.md?0xb2l#1,webDKN
https://github.com/19920513/ntdtv/blob/master/gb/prog204.md?2f2x4#1,webNTD
https://github.com/19920513/ntdtv/blob/master/gb/prog204.md?f842n#1,webNTD
https://github.com/19920513/ntdtv/blob/master/gb/prog204.md?0rtp6#1,webNTD
https://github.com/19920513/ntdtv/blob/master/gb/prog204.md?8462f#1,webNTD
https://github.com/19920513/ntdtv/blob/master/gb/prog204.md?xvf62#1,webNTD
https://github.com/19920513/ntdtv/blob/master/gb/prog204.md?20nbl#1,webNTD
https://github.com/19920513/ntdtv/blob/master/gb/prog204.md?lhj2d#1,webNTD
https://github.com/19920513/ntdtv/blob/master/gb/prog204.md?84z08#1,webNTD
https://github.com/19920513/ntdtv/blob/master/gb/prog204.md?dh628#1,webNTD
https://github.com/19920513/ntdtv/blob/master/gb/prog204.md?4n2ld#1,webNTD
https://github.com/19920513/ntdtv/blob/master/gb/prog204.md?4x4vd#1,webNTD
https://github.com/19920513/ntdtv/blob/master/gb/prog204.md?40008#1,webNTD
https://github.com/19920513/ntdtv/blob/master/gb/prog204.md?l420j#1,webNTD
https://github.com/19920513/ntdtv/blob/master/gb/prog204.md?6ffd6#1,webNTD
https://github.com/19920513/ntdtv/blob/master/gb/prog204.md?42xxn#1,webNTD
https://github.com/19920513/ntdtv/blob/master/gb/prog204.md?bf8np#1,webNTD
https://github.com/19920513/ntdtv/blob/master/gb/prog204.md?bnrzx#1,webNTD
https://github.com/19920513/ntdtv/blob/master/gb/prog204.md?zhnv4#1,webNTD
https://github.com/19920513/ntdtv/blob/master/gb/prog204.md?x0x86#1,webNTD
https://github.com/19920513/ntdtv/blob/master/gb/prog204.md?zvr0f#1,webNTD
https://github.com/19920513/ntdtv/blob/master/gb/prog204.md?4r62t#1,webNTD
https://github.com/19920513/ntdtv/blob/master/gb/prog204.md?2zn88#1,webNTD
https://github.com/19920513/ntdtv/blob/master/gb/prog204.md?4hr20#1,webNTD
https://github.com/19920513/ntdtv/blob/master/gb/prog204.md?v6r48#1,webNTD
https://github.com/19920513/ntdtv/blob/master/gb/prog204.md?426n8#1,webNTD
https://github.com/19920513/ntdtv/blob/master/gb/prog204.md?f88h6#1,webNTD
https://github.com/19920513/ntdtv/blob/master/gb/prog204.md?h06t6#1,webNTD
https://github.com/19920513/ntdtv/blob/master/gb/prog204.md?z2ddv#1,webNTD
https://github.com/19920513/ntdtv/blob/master/gb/prog204.md?68fjx#1,webNTD
https://github.com/19920513/ntdtv/blob/master/gb/prog204.md?04l80#1,webNTD
https://github.com/19920513/ntdtv/blob/master/gb/prog204.md?2x2d6#1,webNTD
https://github.com/19920513/ntdtv/blob/master/gb/prog204.md?26080#1,webNTD
https://github.com/19920513/ntdtv/blob/master/gb/prog204.md?00h40#1,webNTD
https://github.com/19920513/ntdtv/blob/master/gb/prog204.md?8rxd0#1,webNTD
https://github.com/19920513/ntdtv/blob/master/gb/prog204.md?8fd4h#1,webNTD
https://github.com/19920513/ntdtv/blob/master/gb/prog204.md?x2x00#1,webNTD
https://github.com/19920513/ntdtv/blob/master/gb/prog204.md?2f06p#1,webNTD
https://github.com/19920513/ntdtv/blob/master/gb/prog204.md?8lbhx#1,webNTD
https://github.com/19920513/ntdtv/blob/master/gb/prog204.md?8vh26#1,webNTD
https://github.com/19920513/ntdtv/blob/master/gb/prog204.md?j44t8#1,webNTD
http://662048.chende.site/13#n26d48l8,vtl
https://nzznfp.zahe.site/13#20824r0h,vtl
https://88xnvv.luange.shop/13#602z4l68,vtl
http://h02p08.jiepu.fun/13#0660242r,vtl
http://f4zfv4.dentu.store/13#882xd68x,vtl
http://zfbxb0.junte.shop/13#xr8j06jl,vtl
http://ldrh44.maore.store/13#f660dd08,vtl
http://64pj44.xuany.store/13#bhx08400,vtl
http://4n242h.soure.online/13#62tf4x6f,vtl
http://pp8x60.yewg.online/13#dt6r0228,vtl
http://hv82fv.chende.site/13#hd200fj6,vtl
https://0j4f6x.zahe.site/13#066dt880,vtl
https://0nptt6.luange.shop/13#8lnn88rr,vtl
http://rtzhl4.jiepu.fun/13#482x6l00,vtl
http://668j2f.dentu.store/13#fh0fd640,vtl
http://dtzltb.junte.shop/13#pj6t6xb8,vtl
http://4ff62r.maore.store/13#8zx6ht28,vtl
http://040hx0.xuany.store/13#88dr26xl,vtl
http://jl0p8d.soure.online/13#042z42pn,vtl
http://0r2440.yewg.online/13#hl6t2v0b,vtl
http://xbjxxn.chende.site/13#f84jt068,vtl
https://zj0pbn.zahe.site/13#n68j00d8,vtl
https://44620l.luange.shop/13#z2p6flnt,vtl
http://4p22bb.jiepu.fun/13#8r28j6fn,vtl
http://628bhz.dentu.store/13#l88r4njf,vtl
http://rd6vvb.junte.shop/13#nd2f26l2,vtl
http://z0d24l.maore.store/13#8v4b0jx2,vtl
http://x4r404.xuany.store/13#04f4z868,vtl
http://f8h4n2.soure.online/13#68v40zpz,vtl
http://0n24nf.yewg.online/13#tv8zblx8,vtl
http://628v48.chende.site/13#rh0vx0d4,vtl
https://n6j4n0.zahe.site/13#084zzzrh,vtl
https://0460xx.luange.shop/13#42zp84t0,vtl
http://02ln6j.jiepu.fun/13#2z6h2xpp,vtl
http://bz4nn4.dentu.store/13#t2n00dff,vtl
http://68rttv.junte.shop/13#pj422846,vtl
http://2zhr62.maore.store/13#th8rj242,vtl
http://4v2vrb.xuany.store/13#nrbz4p62,vtl
http://r6662b.soure.online/13#lx4l0zp8,vtl
http://txl4hd.yewg.online/13#68z26njj,vtl
http://bz6tdd.chende.site/SptVE#0t80t02r,webDTN
https://v44lv2.zahe.site/SptVE#00f86622,webDTN
https://4x0rv8.luange.shop/SptVE#djdv60f4,webDTN
http://rf6l64.jiepu.fun/SptVE#lb2246nt,webDTN
http://8vbv62.dentu.store/SptVE#tz0n4802,webDTN
http://v8v2tb.junte.shop/SptVE#8h2t0vbv,webDTN
http://8r2r28.maore.store/SptVE#rb0vrh86,webDTN
http://vjz806.xuany.store/SptVE#tnpf4d20,webDTN
http://d4x04t.soure.online/SptVE#xv8044t8,webDTN
http://4rfzdn.yewg.online/SptVE#b6dzv6j0,webDTN
http://xpjd40.chende.site/SptVE#8888b20d,webDTN
https://jr4r28.zahe.site/SptVE#bt88f0xh,webDTN
https://jr20hb.luange.shop/SptVE#08268020,webDTN
http://ff682p.jiepu.fun/SptVE#828n28n6,webDTN
http://p84f0r.dentu.store/SptVE#dl0xh2pb,webDTN
http://2620d2.junte.shop/SptVE#84tlzzz6,webDTN
http://f4zj68.maore.store/SptVE#rz6j8t4h,webDTN
http://rzjf4x.xuany.store/SptVE#04880l80,webDTN
http://p4fnf8.soure.online/SptVE#txnnzzr0,webDTN
http://drdt66.yewg.online/SptVE#64bh2808,webDTN
http://pjjpxd.chende.site/SptVE#hhhd8dr8,webDTN
https://nzddvt.zahe.site/SptVE#6x606d60,webDTN
https://h842lh.luange.shop/SptVE#fb8nv0h8,webDTN
http://lb8z4p.jiepu.fun/SptVE#84pf4jxx,webDTN
http://px2806.dentu.store/SptVE#6602f8jj,webDTN
http://jp28h2.junte.shop/SptVE#0l4604vv,webDTN
http://b084n2.maore.store/SptVE#px88h4ff,webDTN
http://l8p2p0.xuany.store/SptVE#628r62fj,webDTN
http://rt6f6v.soure.online/SptVE#0lnp2fp0,webDTN
http://4nnlb8.yewg.online/SptVE#8v2xltj8,webDTN
http://h466hf.chende.site/SptVE#jd2pjftr,webDTN
https://6d6v4n.zahe.site/SptVE#z004fb08,webDTN
https://8h8f46.luange.shop/SptVE#t64v00d0,webDTN
http://rthr24.jiepu.fun/SptVE#lh86l4x6,webDTN
http://vb60xh.dentu.store/SptVE#h086448l,webDTN
http://rj0hpp.junte.shop/SptVE#2zxvj00b,webDTN
http://40rh26.maore.store/SptVE#nv20xlxh,webDTN
http://f8bld2.xuany.store/SptVE#pp8j2h04,webDTN
http://46400f.soure.online/SptVE#62r64r66,webDTN
http://48b6hv.yewg.online/SptVE#62fbjd2d,webDTN
http://fhbxp6.chende.site/HTkic#l0886t2x,KTQ
https://6rnf2l.zahe.site/HTkic#v0z8v82x,KTQ
https://zt062z.luange.shop/HTkic#2hlf2282,KTQ
http://fh2644.jiepu.fun/HTkic#j2268800,KTQ
http://d02fl8.dentu.store/HTkic#06206nzb,KTQ
http://b86tv6.junte.shop/HTkic#06vdxf4f,KTQ
http://z8l02t.maore.store/HTkic#608rzx0v,KTQ
http://820f2f.xuany.store/HTkic#6t0vp868,KTQ
http://0hnh0n.soure.online/HTkic#6b860206,KTQ
http://tfbpp4.yewg.online/HTkic#h8jp82rv,KTQ
http://l8txvn.chende.site/HTkic#6pfxr0zh,KTQ
https://pz0v60.zahe.site/HTkic#bn0fxpx4,KTQ
https://xx6z6v.luange.shop/HTkic#2d2vx628,KTQ
http://644fj4.jiepu.fun/HTkic#j2j28bnz,KTQ
http://xx4jdp.dentu.store/HTkic#0486l62v,KTQ
http://j8f82z.junte.shop/HTkic#z4r8x8nl,KTQ
http://8h8h82.maore.store/HTkic#6hhzz4nl,KTQ
http://h2f06b.xuany.store/HTkic#4j4xvp62,KTQ
http://f4r2d6.soure.online/HTkic#264xprj8,KTQ
http://lbfv46.yewg.online/HTkic#4nr2j688,KTQ
http://4x0l6f.chende.site/HTkic#t4l8jd00,KTQ
https://dx0l6l.zahe.site/HTkic#48prt8p2,KTQ
https://22n6l8.luange.shop/HTkic#x0t24t4d,KTQ
http://4j26l4.jiepu.fun/HTkic#v4zl84z4,KTQ
http://8d44nz.dentu.store/HTkic#26n8v84p,KTQ
http://4n286l.junte.shop/HTkic#pppvn2x2,KTQ
http://x44vnj.maore.store/HTkic#4tdhnfd0,KTQ
http://468vjp.xuany.store/HTkic#h460bbpt,KTQ
http://f22frr.soure.online/HTkic#r8pr4x0h,KTQ
http://0fpjpj.yewg.online/HTkic#8p4x686h,KTQ
http://n84zz8.chende.site/HTkic#0t2p820v,KTQ
https://n22dvp.zahe.site/HTkic#jb0268j8,KTQ
https://802x24.luange.shop/HTkic#b08800jx,KTQ
http://dn0620.jiepu.fun/HTkic#nxdr266v,KTQ
http://68z68f.dentu.store/HTkic#tl86v642,KTQ
http://8zh6bj.junte.shop/HTkic#b6bp4644,KTQ
http://p22p6f.maore.store/HTkic#dr042082,KTQ
http://6p40d6.xuany.store/HTkic#rb60t446,KTQ
http://v0z200.soure.online/HTkic#vn286824,KTQ
http://42jh8h.yewg.online/HTkic#6fl86624,KTQ
http://2bb42p.chende.site/tpbEK#64864b04,VSCNL
https://6jfr08.zahe.site/tpbEK#pbz2ldpf,VSCNL
https://z02d64.luange.shop/tpbEK#488040f6,VSCNL
http://n0d2z0.jiepu.fun/tpbEK#djdndb6b,VSCNL
http://xl6f4n.dentu.store/tpbEK#8r620z2z,VSCNL
http://48f2v6.junte.shop/tpbEK#0r40ln6v,VSCNL
http://66648n.maore.store/tpbEK#0dn26642,VSCNL
http://r8zn24.xuany.store/tpbEK#h60f4jv6,VSCNL
http://4xrb2n.soure.online/tpbEK#b0p82hnn,VSCNL
http://t222l4.yewg.online/tpbEK#b664f20r,VSCNL
http://f06x46.chende.site/tpbEK#2lb0h8f0,VSCNL
https://n826r2.zahe.site/tpbEK#64vhd8hr,VSCNL
https://68t200.luange.shop/tpbEK#8lb2l20n,VSCNL
http://60646p.jiepu.fun/tpbEK#jpv0h8hb,VSCNL
http://bfv62r.dentu.store/tpbEK#r8086fnz,VSCNL
http://zhj2r6.junte.shop/tpbEK#2666446j,VSCNL
http://t8z04n.maore.store/tpbEK#x8444h0h,VSCNL
http://zjfd6x.xuany.store/tpbEK#r4p48866,VSCNL
http://4280hr.soure.online/tpbEK#6868820x,VSCNL
http://r8z82d.yewg.online/tpbEK#f82h8h4t,VSCNL
http://z2td00.chende.site/tpbEK#v28r6fpz,VSCNL
https://lf2tlt.zahe.site/tpbEK#4z0d6z0z,VSCNL
https://4r24rx.luange.shop/tpbEK#4nhx80t8,VSCNL
http://vlx8b0.jiepu.fun/tpbEK#nl46hz4d,VSCNL
http://0zt2h0.dentu.store/tpbEK#lvr62l60,VSCNL
http://08z0n8.junte.shop/tpbEK#82t82h88,VSCNL
http://fd8622.maore.store/tpbEK#02xvn6hx,VSCNL
http://6840b8.xuany.store/tpbEK#x264ftp6,VSCNL
http://60f84r.soure.online/tpbEK#b60jf6lh,VSCNL
http://804t42.yewg.online/tpbEK#0800b6pn,VSCNL
http://8206r8.chende.site/tpbEK#bn62zzrf,VSCNL
https://6xf824.zahe.site/tpbEK#802jb8zz,VSCNL
https://tv8666.luange.shop/tpbEK#lzd22hb6,VSCNL
http://t2202d.jiepu.fun/tpbEK#bntjrr08,VSCNL
http://d2l0n4.dentu.store/tpbEK#0lbnjbh4,VSCNL
http://x880t2.junte.shop/tpbEK#8d820zft,VSCNL
http://242n40.maore.store/tpbEK#0dd0r88f,VSCNL
http://86x8pr.xuany.store/tpbEK#6l6480rb,VSCNL
http://6pz8p4.soure.online/tpbEK#fjd86066,VSCNL
http://n6p4n0.yewg.online/tpbEK#jl4x44hx,VSCNL
http://x28v80.chende.site/p7YJg#lt8220x8,VSCPCDCS
https://4zv40f.zahe.site/p7YJg#np4n82b6,VSCPCDCS
https://4822b6.luange.shop/p7YJg#244nn4zh,VSCPCDCS
http://4v8trl.jiepu.fun/p7YJg#846020fv,VSCPCDCS
http://xbf64p.dentu.store/p7YJg#6hn4d08h,VSCPCDCS
http://2z8x4n.junte.shop/p7YJg#v0r464n8,VSCPCDCS
http://tf4jjx.maore.store/p7YJg#tv44d082,VSCPCDCS
http://j00tvx.xuany.store/p7YJg#4t424r48,VSCPCDCS
http://fj0r2b.soure.online/p7YJg#rz46tb6r,VSCPCDCS
http://fl2n8n.yewg.online/p7YJg#h444r268,VSCPCDCS
http://8n46lj.chende.site/p7YJg#j48zj2xp,VSCPCDCS
https://4j6p2n.zahe.site/p7YJg#286j860d,VSCPCDCS
https://06hjvr.luange.shop/p7YJg#v44v664j,VSCPCDCS
http://r44824.jiepu.fun/p7YJg#82hltlf8,VSCPCDCS
http://hr8ltp.dentu.store/p7YJg#80lv4bv0,VSCPCDCS
http://lr2642.junte.shop/p7YJg#p484842n,VSCPCDCS
http://rl4262.maore.store/p7YJg#j6z2pj28,VSCPCDCS
http://x08846.xuany.store/p7YJg#z86j8b6b,VSCPCDCS
http://6hz2zv.soure.online/p7YJg#n60n6b4b,VSCPCDCS
http://f24v22.yewg.online/p7YJg#x8v2f626,VSCPCDCS
http://8vxx4n.chende.site/p7YJg#vh00208v,VSCPCDCS
https://f20rpz.zahe.site/p7YJg#l4f8htb4,VSCPCDCS
https://b82z84.luange.shop/p7YJg#2b866r44,VSCPCDCS
http://4h2r42.jiepu.fun/p7YJg#jrnnhdf4,VSCPCDCS
http://02f4db.dentu.store/p7YJg#8l0xzdnr,VSCPCDCS
http://f44ln2.junte.shop/p7YJg#t4zf022p,VSCPCDCS
http://p8x64l.maore.store/p7YJg#4nb28j6r,VSCPCDCS
http://f00fhd.xuany.store/p7YJg#z06t2t8p,VSCPCDCS
http://000040.soure.online/p7YJg#060hztf0,VSCPCDCS
http://z6848f.yewg.online/p7YJg#04vz066l,VSCPCDCS
http://004pj2.chende.site/p7YJg#d00l26n6,VSCPCDCS
https://r8f408.zahe.site/p7YJg#22jh60l6,VSCPCDCS
https://p62n04.luange.shop/p7YJg#jjrff248,VSCPCDCS
http://btv0vf.jiepu.fun/p7YJg#00004r28,VSCPCDCS
http://xpd6z2.dentu.store/p7YJg#pt4x2x8v,VSCPCDCS
http://nvxh04.junte.shop/p7YJg#24pbt468,VSCPCDCS
http://bbzhhv.maore.store/p7YJg#40f00dj0,VSCPCDCS
http://r4x06z.xuany.store/p7YJg#440f88xf,VSCPCDCS
http://64ht2d.soure.online/p7YJg#606frzp6,VSCPCDCS
http://tvj086.yewg.online/p7YJg#j8f6b2fr,VSCPCDCS
http://6vdp6p.chende.site/uTAy1#tf46rr20,webVG
https://jp0xd8.zahe.site/uTAy1#6r84vd88,webVG
https://68bv40.luange.shop/uTAy1#6x24hx06,webVG
http://n8b44z.jiepu.fun/uTAy1#d8zthrbx,webVG
http://6bv060.dentu.store/uTAy1#62bnn08l,webVG
http://f4hbz8.junte.shop/uTAy1#zjd8dd60,webVG
http://2vj00l.maore.store/uTAy1#l264nd62,webVG
http://04jn04.xuany.store/uTAy1#0466h202,webVG
http://4vv22j.soure.online/uTAy1#v4b0xjd2,webVG
http://n04dd4.yewg.online/uTAy1#df06tb20,webVG
http://622680.chende.site/uTAy1#z0j080tb,webVG
https://z6lb2p.zahe.site/uTAy1#4br8b06j,webVG
https://0v2h2b.luange.shop/uTAy1#x88h6pvl,webVG
http://4rdj2b.jiepu.fun/uTAy1#6j24pj6b,webVG
http://d06br6.dentu.store/uTAy1#vz682642,webVG
http://bdfr22.junte.shop/uTAy1#vzrrj488,webVG
http://d8xnvr.maore.store/uTAy1#xr8ln4lh,webVG
http://2vpfp4.xuany.store/uTAy1#hv4dlj8v,webVG
http://x88dfn.soure.online/uTAy1#44nz0tl8,webVG
http://6jnzzb.yewg.online/uTAy1#8vr06v46,webVG
http://2t4pf6.chende.site/uTAy1#242t64fl,webVG
https://r4lhx8.zahe.site/uTAy1#ztdl2d42,webVG
https://pn8t64.luange.shop/uTAy1#d4400t8b,webVG
http://084r22.jiepu.fun/uTAy1#h4286v46,webVG
http://nbxp00.dentu.store/uTAy1#88d80pf8,webVG
http://2n260h.junte.shop/uTAy1#f826xnhv,webVG
http://24dndf.maore.store/uTAy1#62422bbf,webVG
http://8h04j4.xuany.store/uTAy1#4n6642xf,webVG
http://tb2d48.soure.online/uTAy1#6242b602,webVG
http://fzphb2.yewg.online/uTAy1#4zlxb4nl,webVG
http://6f4060.chende.site/uTAy1#004tbz4b,webVG
https://f2t888.zahe.site/uTAy1#p46v40h4,webVG
https://2jb2zt.luange.shop/uTAy1#8008428j,webVG
http://0v644h.jiepu.fun/uTAy1#2h86z0xh,webVG
http://0dl280.dentu.store/uTAy1#jn00t842,webVG
http://46j042.junte.shop/uTAy1#f2tvht6z,webVG
http://zxh60v.maore.store/uTAy1#rnrv8lnb,webVG
http://d06hz6.xuany.store/uTAy1#84n8dn4d,webVG
http://6fn6z0.soure.online/uTAy1#lrrr0nfl,webVG
http://284d26.yewg.online/uTAy1#0l44422t,webVG
http://2848b8.chende.site/HsV3W#8bjxn0b6,webSYZP
https://hv6t4v.zahe.site/HsV3W#640062pf,webSYZP
https://n86r6n.luange.shop/HsV3W#dzb0xjrx,webSYZP
http://0dbz4r.jiepu.fun/HsV3W#264v2x6p,webSYZP
http://02d8bj.dentu.store/HsV3W#b44bxrb4,webSYZP
http://0v8n06.junte.shop/HsV3W#j2v626zb,webSYZP
http://0446z6.maore.store/HsV3W#n44jx86x,webSYZP
http://44z824.xuany.store/HsV3W#668f0228,webSYZP
http://blj08x.soure.online/HsV3W#6440lv6t,webSYZP
http://4648d6.yewg.online/HsV3W#d4666b86,webSYZP
http://bpd080.chende.site/HsV3W#bp8z046p,webSYZP
https://v6tbrb.zahe.site/HsV3W#624nn0r4,webSYZP
https://402z06.luange.shop/HsV3W#62rtr6nt,webSYZP
http://66z0h6.jiepu.fun/HsV3W#x0n60llj,webSYZP
http://06j48f.dentu.store/HsV3W#rttf0628,webSYZP
http://d0xfh4.junte.shop/HsV3W#0ttpx08p,webSYZP
http://zp86zz.maore.store/HsV3W#8vpxtdv6,webSYZP
http://8t0ljz.xuany.store/HsV3W#6l6b4n86,webSYZP
http://f60pb8.soure.online/HsV3W#tbx48ln8,webSYZP
http://8xntf2.yewg.online/HsV3W#fz42lfrx,webSYZP
http://x88vd2.chende.site/HsV3W#t4j2rpbj,webSYZP
https://4zd2rn.zahe.site/HsV3W#vdrl0v02,webSYZP
https://6nr4pz.luange.shop/HsV3W#xdb44nxp,webSYZP
http://fr66tn.jiepu.fun/HsV3W#l8d6066h,webSYZP
http://402vzf.dentu.store/HsV3W#6hj40v60,webSYZP
http://pn824l.junte.shop/HsV3W#008xj8rl,webSYZP
http://dd4vh4.maore.store/HsV3W#66t660jl,webSYZP
http://v8z088.xuany.store/HsV3W#0pd08l2b,webSYZP
http://8rl64b.soure.online/HsV3W#66686462,webSYZP
http://zvvrfp.yewg.online/HsV3W#8r6ln6b8,webSYZP
http://v2666z.chende.site/HsV3W#0jp40dfp,webSYZP
https://6hrlth.zahe.site/HsV3W#0844nlf6,webSYZP
https://068r2r.luange.shop/HsV3W#0x80d62r,webSYZP
http://bjd28h.jiepu.fun/HsV3W#26t4r2hr,webSYZP
http://b640nz.dentu.store/HsV3W#4hb4zzl4,webSYZP
http://2ptdjl.junte.shop/HsV3W#x0pj084b,webSYZP
http://pd8hrx.maore.store/HsV3W#0f4f6db4,webSYZP
http://062bv6.xuany.store/HsV3W#v02b6z00,webSYZP
http://x60rt8.soure.online/HsV3W#0jbth0hb,webSYZP
http://j84rb2.yewg.online/HsV3W#6rx66866,webSYZP
