Long URL,Tags,Short URL
https://github.com/19920513/www/blob/master/README.md?z2h4d#1,"link,webctcbth",https://200088.xyz/XbWxI3wFa
https://github.com/19920513/www/blob/master/README.md?d820r#1,"link,webctcbth",https://200089.xyz/tno0EaDB3
https://github.com/19920513/www/blob/master/README.md?t8n8l#1,"link,webctcbth",https://200219.xyz/NK6HT74gl
https://github.com/19920513/www/blob/master/README.md?t08z4#1,"link,webctcbth",https://200288.xyz/YpD7AgB4Y
https://github.com/19920513/www/blob/master/README.md?44hb8#1,"link,webctcbth",https://200384.xyz/fynTP0hQH
https://github.com/19920513/www/blob/master/README.md?v64pz#1,"link,webctcbth",https://200473.xyz/s2d1rtnGN
https://github.com/19920513/www/blob/master/README.md?rxnhv#1,"link,webctcbth",https://200491.xyz/SXnilUu2b
https://github.com/19920513/www/blob/master/README.md?t2v40#1,"link,webctcbth",https://200506.xyz/sxQWDQNqf
https://github.com/19920513/www/blob/master/README.md?xx8j4#1,"link,webctcbth",https://200588.xyz/i1XEzkmYZ
https://github.com/19920513/www/blob/master/README.md?2d28f#1,"link,webctcbth",https://200613.xyz/8H3uxpjSG
https://github.com/19920513/www/blob/master/README.md?f68z8#1,"link,webctcbth",https://200688.xyz/phggDvdXA
https://github.com/19920513/www/blob/master/README.md?68l8n#1,"link,webctcbth",https://200793.xyz/90XHSf5YC
https://github.com/19920513/www/blob/master/README.md?202r4#1,"link,webctcbth",https://200869.xyz/x8AGTQtkW
https://github.com/19920513/www/blob/master/README.md?rx6hd#1,"link,webctcbth",https://200921.xyz/iyXBv3nYO
https://github.com/19920513/www/blob/master/README.md?2662l#1,"link,webctcbth",https://200088.xyz/bUq2fMnqe
https://github.com/19920513/www/blob/master/README.md?pl226#1,"link,webctcbth",https://200089.xyz/nsc48PEMs
https://github.com/19920513/www/blob/master/README.md?hr0j6#1,"link,webctcbth",https://200219.xyz/SEq5Ynben
https://github.com/19920513/www/blob/master/README.md?80d82#1,"link,webctcbth",https://200288.xyz/cO5ad2GwU
https://github.com/19920513/www/blob/master/README.md?d6p62#1,"link,webctcbth",https://200384.xyz/UZK5mz7lc
https://github.com/19920513/www/blob/master/README.md?2bh0v#1,"link,webctcbth",https://200473.xyz/zXiUnQFd0
https://github.com/19920513/www/blob/master/README.md?xfb6d#1,"link,webctcbth",https://200491.xyz/xsEpfJzAA
https://github.com/19920513/www/blob/master/README.md?4d0f4#1,"link,webctcbth",https://200506.xyz/oWAtQb4eb
https://github.com/19920513/www/blob/master/README.md?htt4r#1,"link,webctcbth",https://200588.xyz/oEsSAkb5q
https://github.com/19920513/www/blob/master/README.md?xh62l#1,"link,webctcbth",https://200613.xyz/8jwcA5sYS
https://github.com/19920513/www/blob/master/README.md?4246l#1,"link,webctcbth",https://200688.xyz/Ni0gKl2bK
https://github.com/19920513/www/blob/master/README.md?rv2l8#1,"link,webctcbth",https://200793.xyz/NjFGqHda8
https://github.com/19920513/www/blob/master/README.md?bn2rb#1,"link,webctcbth",https://200869.xyz/mltXJaUZg
https://github.com/19920513/www/blob/master/README.md?zr0zr#1,"link,webctcbth",https://200921.xyz/H2eYPxUti
https://github.com/19920513/www/blob/master/README.md?l0242#1,"qr,webctcbth",https://200088.xyz/QAc7GgOND
https://github.com/19920513/www/blob/master/README.md?488x0#1,"qr,webctcbth",https://200089.xyz/yIdvucVS0
https://github.com/19920513/www/blob/master/README.md?08f62#1,"qr,webctcbth",https://200219.xyz/ik2UsfYju
https://github.com/19920513/www/blob/master/README.md?6z88t#1,"qr,webctcbth",https://200288.xyz/1gHSW5e4w
https://github.com/19920513/www/blob/master/README.md?2b046#1,"qr,webctcbth",https://200384.xyz/3LbMZpFB8
https://github.com/19920513/www/blob/master/README.md?px40p#1,"qr,webctcbth",https://200473.xyz/71dxhJEc5
https://github.com/19920513/www/blob/master/README.md?td0t2#1,"qr,webctcbth",https://200491.xyz/58e1D4JNJ
https://github.com/19920513/www/blob/master/README.md?6z8xl#1,"qr,webctcbth",https://200506.xyz/5inqvaeWF
https://github.com/19920513/www/blob/master/README.md?hp4pv#1,"qr,webctcbth",https://200588.xyz/8pMtSt1Mu
https://github.com/19920513/www/blob/master/README.md?f2rnp#1,"qr,webctcbth",https://200613.xyz/8XW9yADvP
https://github.com/19920513/www/blob/master/README.md?z0pnn#1,"qr,webctcbth",https://200688.xyz/VRxdixCjl
https://github.com/19920513/www/blob/master/README.md?20fb0#1,"qr,webctcbth",https://200793.xyz/Tulz8c3gY
https://github.com/19920513/ntdtv/blob/master/gb/prog452866_1.md?4f2d4#1,"link,pthqdkd",https://200869.xyz/UBZbud8dy
https://github.com/19920513/ntdtv/blob/master/gb/prog452866_1.md?200bj#1,"link,pthqdkd",https://200921.xyz/PzxRVBfmr
https://github.com/19920513/ntdtv/blob/master/gb/prog452866_1.md?v8hhx#1,"link,pthqdkd",https://200088.xyz/v1DDiRRZq
https://github.com/19920513/ntdtv/blob/master/gb/prog452866_1.md?vp2ht#1,"link,pthqdkd",https://200089.xyz/xet2lwFlP
https://github.com/19920513/ntdtv/blob/master/gb/prog452866_1.md?2d280#1,"link,pthqdkd",https://200219.xyz/fY3iXsyxZ
https://github.com/19920513/ntdtv/blob/master/gb/prog452866_1.md?4r668#1,"link,pthqdkd",https://200288.xyz/Xh0kFTpmy
https://github.com/19920513/ntdtv/blob/master/gb/prog452866_1.md?z04hb#1,"link,pthqdkd",https://200384.xyz/IHrYnLqfR
https://github.com/19920513/ntdtv/blob/master/gb/prog452866_1.md?60084#1,"link,pthqdkd",https://200473.xyz/3b4Y7hqen
https://github.com/19920513/ntdtv/blob/master/gb/prog452866_1.md?tvlb2#1,"link,pthqdkd",https://200491.xyz/EtFoNr2VK
https://github.com/19920513/ntdtv/blob/master/gb/prog452866_1.md?6pppx#1,"link,pthqdkd",https://200506.xyz/YwUHuHQOw
https://github.com/19920513/ntdtv/blob/master/gb/prog452866_1.md?vr428#1,"link,pthqdkd",https://200588.xyz/2YpTnFJYS
https://github.com/19920513/ntdtv/blob/master/gb/prog452866_1.md?4b8t6#1,"link,pthqdkd",https://200613.xyz/wC7ZL0BLn
https://github.com/19920513/ntdtv/blob/master/gb/prog452866_1.md?l24p2#1,"link,pthqdkd",https://200688.xyz/CZKK0aY8v
https://github.com/19920513/ntdtv/blob/master/gb/prog452866_1.md?8004z#1,"link,pthqdkd",https://200793.xyz/uT3BlqVqd
https://github.com/19920513/ntdtv/blob/master/gb/prog452866_1.md?l4vl6#1,"link,pthqdkd",https://200869.xyz/XLJhnFzYE
https://github.com/19920513/ntdtv/blob/master/gb/prog452866_1.md?zlz40#1,"link,pthqdkd",https://200921.xyz/JUbPSwMMe
https://github.com/19920513/ntdtv/blob/master/gb/prog452866_1.md?r0204#1,"link,pthqdkd",https://200088.xyz/ZeYzv96xA
https://github.com/19920513/ntdtv/blob/master/gb/prog452866_1.md?t4rnv#1,"link,pthqdkd",https://200089.xyz/lx9HCb6JS
https://github.com/19920513/ntdtv/blob/master/gb/prog452866_1.md?h0t48#1,"link,pthqdkd",https://200219.xyz/dGt8deCOE
https://github.com/19920513/ntdtv/blob/master/gb/prog452866_1.md?b80hj#1,"link,pthqdkd",https://200288.xyz/V0wX9MgGY
https://github.com/19920513/ntdtv/blob/master/gb/prog452866_1.md?fv8tl#1,"link,pthqdkd",https://200384.xyz/NWKMlLPRI
https://github.com/19920513/ntdtv/blob/master/gb/prog452866_1.md?x2h0v#1,"link,pthqdkd",https://200473.xyz/YKLAfKsPC
https://github.com/19920513/ntdtv/blob/master/gb/prog452866_1.md?80fd6#1,"link,pthqdkd",https://200491.xyz/7TtUw99ZY
https://github.com/19920513/ntdtv/blob/master/gb/prog452866_1.md?4h2ld#1,"link,pthqdkd",https://200506.xyz/xUCZkqyaZ
https://github.com/19920513/ntdtv/blob/master/gb/prog452866_1.md?2864t#1,"link,pthqdkd",https://200588.xyz/nHcVv1Ffs
https://github.com/19920513/ntdtv/blob/master/gb/prog452866_1.md?b4222#1,"link,pthqdkd",https://200613.xyz/8HyB6uvxZ
https://github.com/19920513/ntdtv/blob/master/gb/prog452866_1.md?8rnp6#1,"link,pthqdkd",https://200688.xyz/tDUVXVGTb
https://github.com/19920513/ntdtv/blob/master/gb/prog452866_1.md?804xl#1,"link,pthqdkd",https://200793.xyz/PylvmqHoo
https://github.com/19920513/ntdtv/blob/master/gb/prog452866_1.md?btd4v#1,"qr,pthqdkd",https://200869.xyz/SiaW4WTDE
https://github.com/19920513/ntdtv/blob/master/gb/prog452866_1.md?0d64l#1,"qr,pthqdkd",https://200921.xyz/rgklF0prj
https://github.com/19920513/ntdtv/blob/master/gb/prog452866_1.md?4b6f8#1,"qr,pthqdkd",https://200088.xyz/nh5qaUlHy
https://github.com/19920513/ntdtv/blob/master/gb/prog452866_1.md?x24x2#1,"qr,pthqdkd",https://200089.xyz/ZTtGg8QHu
https://github.com/19920513/ntdtv/blob/master/gb/prog452866_1.md?4td6d#1,"qr,pthqdkd",https://200219.xyz/47e6SkDOO
https://github.com/19920513/ntdtv/blob/master/gb/prog452866_1.md?4lztx#1,"qr,pthqdkd",https://200288.xyz/F96VH2lcl
https://github.com/19920513/ntdtv/blob/master/gb/prog452866_1.md?4v6v8#1,"qr,pthqdkd",https://200384.xyz/t4qe9Wln8
https://github.com/19920513/ntdtv/blob/master/gb/prog452866_1.md?d88nz#1,"qr,pthqdkd",https://200473.xyz/8pkTegbGE
https://github.com/19920513/ntdtv/blob/master/gb/prog452866_1.md?pb26b#1,"qr,pthqdkd",https://200491.xyz/1dpwd06yu
https://github.com/19920513/ntdtv/blob/master/gb/prog452866_1.md?6p8z8#1,"qr,pthqdkd",https://200506.xyz/J4KjZhHSm
https://github.com/19920513/ntdtv/blob/master/gb/prog452866_1.md?l866d#1,"qr,pthqdkd",https://200588.xyz/DNL1mdEFb
https://github.com/19920513/ntdtv/blob/master/gb/prog452866_1.md?n2h2d#1,"qr,pthqdkd",https://200613.xyz/ng9kDhxiZ
http://6j64j2.chende.site/eJ5Ln#f08d08p6,"link,ndb",https://200688.xyz/39A0lyyIb
https://vxdp2t.zahe.site/eJ5Ln#x6v6rvn2,"link,ndb",https://200793.xyz/6sqTcklXb
https://880jvt.luange.shop/eJ5Ln#t4p48n6n,"link,ndb",https://200869.xyz/pFz9mwEgq
http://px4d8z.jiepu.fun/eJ5Ln#26x2jfrz,"link,ndb",https://200921.xyz/UnXAN72Pf
http://0vb44d.dentu.store/eJ5Ln#80jrjj42,"link,ndb",https://200088.xyz/7Y4UaKU5r
http://4t224j.junte.shop/eJ5Ln#pz44hf2f,"link,ndb",https://200089.xyz/vLgngBoED
http://60fv80.maore.store/eJ5Ln#z00l0bph,"link,ndb",https://200219.xyz/dbU01VUQx
http://z22j84.soure.online/eJ5Ln#vh0p6208,"link,ndb",https://200288.xyz/dOgy7fUGA
http://tj0xzp.yingpa.online/eJ5Ln#zbp4n0tz,"link,ndb",https://200384.xyz/y7naih35V
http://2bb6ln.yuanza.store/eJ5Ln#hf44fd88,"link,ndb",https://200473.xyz/bVUoCX1Vs
http://68400r.laifu.xyz/eJ5Ln#vpnp688p,"link,ndb",https://200491.xyz/GmgePCkxY
http://48hhpv.zongzu.online/eJ5Ln#tnx6xp08,"link,ndb",https://200506.xyz/VM75W60kO
http://r0j4v8.xinde.online/eJ5Ln#x84j8xn0,"link,ndb",https://200588.xyz/ivDgEAw8J
http://0626j0.suiye.online/eJ5Ln#686n06xj,"link,ndb",https://200613.xyz/wXNwqakmG
http://40600h.zezi.store/eJ5Ln#8f624dj0,"link,ndb",https://200688.xyz/CskCIHh3G
http://tz822l.haimo.online/eJ5Ln#4f8f4pt4,"link,ndb",https://200793.xyz/wcTpjIUM7
http://4dr84t.chende.site/eJ5Ln#624dl26x,"link,ndb",https://200869.xyz/Y2eZlWLDR
https://2j04t8.zahe.site/eJ5Ln#hvt24066,"link,ndb",https://200921.xyz/wsPTw5Tg1
https://jdr2vb.luange.shop/eJ5Ln#r822080t,"link,ndb",https://200088.xyz/YNtPlx7XD
http://64xrl8.jiepu.fun/eJ5Ln#nf84060p,"link,ndb",https://200089.xyz/4hmxETQ5m
http://28r8l4.dentu.store/eJ5Ln#f02000dh,"link,ndb",https://200219.xyz/oONNCSW31
http://jhbl8j.junte.shop/eJ5Ln#vl0dvxvv,"link,ndb",https://200288.xyz/CI5kYe5Xw
http://80l6f2.maore.store/eJ5Ln#84p62684,"link,ndb",https://200384.xyz/bfdGcWgAL
http://nh8846.soure.online/eJ5Ln#j8006082,"link,ndb",https://200473.xyz/dQg7BTw6X
http://466fn8.yingpa.online/eJ5Ln#8p8v2tzd,"link,ndb",https://200491.xyz/4TvlDXyoU
http://bltb86.yuanza.store/eJ5Ln#b84h684t,"link,ndb",https://200506.xyz/DFl34ps8K
http://0282l2.laifu.xyz/eJ5Ln#2l6v04l4,"link,ndb",https://200588.xyz/J1gyxb4Hm
http://602220.zongzu.online/eJ5Ln#6nddfz00,"link,ndb",https://200613.xyz/u1cGDfx5X
http://hz20b2.xinde.online/eJ5Ln#xxx6vz6p,"qr,ndb",https://200688.xyz/iG2hbKSNE
http://jbj4rp.suiye.online/eJ5Ln#nj2z0j00,"qr,ndb",https://200793.xyz/xeFQgxcWw
http://drpdb8.zezi.store/eJ5Ln#6l0z4frb,"qr,ndb",https://200869.xyz/b1lYR3Hwq
http://00p684.haimo.online/eJ5Ln#rdxxp404,"qr,ndb",https://200921.xyz/6t3OWV53m
http://4djr08.chende.site/eJ5Ln#xnnhv0z6,"qr,ndb",https://200088.xyz/14xDiGT1I
https://f06jh4.zahe.site/eJ5Ln#tzzd8lnb,"qr,ndb",https://200089.xyz/kuhDWEnRM
https://6n844b.luange.shop/eJ5Ln#rj228266,"qr,ndb",https://200219.xyz/e8Cgz76lt
http://08vv4z.jiepu.fun/eJ5Ln#rp2tp442,"qr,ndb",https://200288.xyz/8tPNdziXA
http://644xf6.dentu.store/eJ5Ln#8zd84ddh,"qr,ndb",https://200384.xyz/cRvMVVhOY
http://6xn28v.junte.shop/eJ5Ln#04d2666v,"qr,ndb",https://200473.xyz/BJjud2rCr
http://b440l8.maore.store/eJ5Ln#z02062bn,"qr,ndb",https://200491.xyz/w4N4WTuwS
http://lv6fp2.soure.online/eJ5Ln#f268l482,"qr,ndb",https://200506.xyz/rdC2nLaW9
http://6j64j2.chende.site/eJ5Ln#f08d08p6,"link,cmt",https://200588.xyz/BtGKtipQZ
https://vxdp2t.zahe.site/eJ5Ln#x6v6rvn2,"link,cmt",https://200613.xyz/k4ao5Gop3
https://880jvt.luange.shop/eJ5Ln#t4p48n6n,"link,cmt",https://200688.xyz/QUnhwGBnY
http://px4d8z.jiepu.fun/eJ5Ln#26x2jfrz,"link,cmt",https://200793.xyz/wgdr91fsH
http://0vb44d.dentu.store/eJ5Ln#80jrjj42,"link,cmt",https://200869.xyz/kUExtqPz7
http://4t224j.junte.shop/eJ5Ln#pz44hf2f,"link,cmt",https://200921.xyz/0I7RVEEjT
http://60fv80.maore.store/eJ5Ln#z00l0bph,"link,cmt",https://200088.xyz/dR14BC8Uy
http://z22j84.soure.online/eJ5Ln#vh0p6208,"link,cmt",https://200089.xyz/Zs6BSquvv
http://tj0xzp.yingpa.online/eJ5Ln#zbp4n0tz,"link,cmt",https://200219.xyz/xc3LWjozn
http://2bb6ln.yuanza.store/eJ5Ln#hf44fd88,"link,cmt",https://200288.xyz/bJkK1pFpH
http://68400r.laifu.xyz/eJ5Ln#vpnp688p,"link,cmt",https://200384.xyz/dck8CZOeY
http://48hhpv.zongzu.online/eJ5Ln#tnx6xp08,"link,cmt",https://200473.xyz/iCHpm2OWa
http://r0j4v8.xinde.online/eJ5Ln#x84j8xn0,"link,cmt",https://200491.xyz/rQrpde7li
http://0626j0.suiye.online/eJ5Ln#686n06xj,"link,cmt",https://200506.xyz/N0MSz3mAG
http://40600h.zezi.store/eJ5Ln#8f624dj0,"link,cmt",https://200588.xyz/fqHJ7njnF
http://tz822l.haimo.online/eJ5Ln#4f8f4pt4,"link,cmt",https://200613.xyz/kLZBt7Zgk
http://4dr84t.chende.site/eJ5Ln#624dl26x,"link,cmt",https://200688.xyz/Fbyj0dPfi
https://2j04t8.zahe.site/eJ5Ln#hvt24066,"link,cmt",https://200793.xyz/Fz7Dx4hSk
https://jdr2vb.luange.shop/eJ5Ln#r822080t,"link,cmt",https://200869.xyz/aHdGM4pZu
http://64xrl8.jiepu.fun/eJ5Ln#nf84060p,"link,cmt",https://200921.xyz/jW7xNmo8X
http://28r8l4.dentu.store/eJ5Ln#f02000dh,"link,cmt",https://200088.xyz/ct8LksW0f
http://jhbl8j.junte.shop/eJ5Ln#vl0dvxvv,"link,cmt",https://200089.xyz/ybPZo6jPy
http://80l6f2.maore.store/eJ5Ln#84p62684,"link,cmt",https://200219.xyz/v202XVnEq
http://nh8846.soure.online/eJ5Ln#j8006082,"link,cmt",https://200288.xyz/0YBz4MtzG
http://466fn8.yingpa.online/eJ5Ln#8p8v2tzd,"link,cmt",https://200384.xyz/HbM6cf9XA
http://bltb86.yuanza.store/eJ5Ln#b84h684t,"link,cmt",https://200473.xyz/qP5osENgp
http://0282l2.laifu.xyz/eJ5Ln#2l6v04l4,"link,cmt",https://200491.xyz/bszX1HUxI
http://602220.zongzu.online/eJ5Ln#6nddfz00,"link,cmt",https://200506.xyz/QmNnhkdps
http://hz20b2.xinde.online/eJ5Ln#xxx6vz6p,"qr,cmt",https://200588.xyz/mn0JhsWwQ
http://jbj4rp.suiye.online/eJ5Ln#nj2z0j00,"qr,cmt",https://200613.xyz/7f7l6oRaa
http://drpdb8.zezi.store/eJ5Ln#6l0z4frb,"qr,cmt",https://200688.xyz/gt0XJX6a7
http://00p684.haimo.online/eJ5Ln#rdxxp404,"qr,cmt",https://200793.xyz/JqaaqYJbH
http://4djr08.chende.site/eJ5Ln#xnnhv0z6,"qr,cmt",https://200869.xyz/kW5ztJTMu
https://f06jh4.zahe.site/eJ5Ln#tzzd8lnb,"qr,cmt",https://200921.xyz/fBNihPqOU
https://6n844b.luange.shop/eJ5Ln#rj228266,"qr,cmt",https://200088.xyz/yVReGzUma
http://08vv4z.jiepu.fun/eJ5Ln#rp2tp442,"qr,cmt",https://200089.xyz/26fcxbFO5
http://644xf6.dentu.store/eJ5Ln#8zd84ddh,"qr,cmt",https://200219.xyz/QsScALHK1
http://6xn28v.junte.shop/eJ5Ln#04d2666v,"qr,cmt",https://200288.xyz/ujyHmtlUZ
http://b440l8.maore.store/eJ5Ln#z02062bn,"qr,cmt",https://200384.xyz/kghbeGeda
http://lv6fp2.soure.online/eJ5Ln#f268l482,"qr,cmt",https://200473.xyz/10FYWltvg
http://0pb886.chende.site/sBht#zxx42l4d,"link,TCkTQ",https://200491.xyz/DZdmhSsZl
https://jr6l48.zahe.site/sBht#h068lpl8,"link,TCkTQ",https://200506.xyz/qkBAzAZ1Y
https://8vf8vx.luange.shop/sBht#8pb4t0x6,"link,TCkTQ",https://200588.xyz/Zj5QqAg0I
http://402644.jiepu.fun/sBht#806rhl06,"link,TCkTQ",https://200613.xyz/DebHwponM
http://42x2z6.dentu.store/sBht#n4r6vl86,"link,TCkTQ",https://200688.xyz/HG2RkniBJ
http://n42r44.junte.shop/sBht#88bbx4t4,"link,TCkTQ",https://200793.xyz/pOznB7GCI
http://24n88z.maore.store/sBht#80pp40rt,"link,TCkTQ",https://200869.xyz/50TtRaCDQ
http://z02j8f.soure.online/sBht#t46h44lr,"link,TCkTQ",https://200921.xyz/KPpl4NCDL
http://hjp028.yingpa.online/sBht#nj6dl6l6,"link,TCkTQ",https://200088.xyz/2BvSZVn3b
http://zz2028.yuanza.store/sBht#x2r8j8rv,"link,TCkTQ",https://200089.xyz/m60u4WA1q
http://bfzl88.laifu.xyz/sBht#42bnt4db,"link,TCkTQ",https://200219.xyz/bKLhpTXmv
http://ft0rr2.zongzu.online/sBht#46p8f26h,"link,TCkTQ",https://200288.xyz/bN86loxEf
http://2nt0jd.xinde.online/sBht#24pb60nr,"link,TCkTQ",https://200384.xyz/ShIjvltUk
http://8b2t2v.suiye.online/sBht#j22xl48d,"link,TCkTQ",https://200473.xyz/5UfaV8X20
http://2ht2f6.zezi.store/sBht#8z4dbp8r,"link,TCkTQ",https://200491.xyz/VSf9jEdAZ
http://r2d824.haimo.online/sBht#68r600f8,"link,TCkTQ",https://200506.xyz/sIv0YR5qn
http://00pvz6.chende.site/sBht#t06df4l2,"link,TCkTQ",https://200588.xyz/MCpdEi8lB
https://z66n8x.zahe.site/sBht#86lv426n,"link,TCkTQ",https://200613.xyz/7DjTSwiRe
https://pnj682.luange.shop/sBht#b6b0z6x4,"link,TCkTQ",https://200688.xyz/gXUefIyN1
http://0hxt80.jiepu.fun/sBht#x6dj2f2j,"link,TCkTQ",https://200793.xyz/EanLn1acN
http://v6zv2r.dentu.store/sBht#r0x8drnr,"link,TCkTQ",https://200869.xyz/UmmUHtW5O
http://820020.junte.shop/sBht#48fr0hvp,"link,TCkTQ",https://200921.xyz/GuTw3ZMsc
http://68rtjj.maore.store/sBht#jd4x4b24,"link,TCkTQ",https://200088.xyz/X4yNIXXZg
http://0fbz4n.soure.online/sBht#28bzrb6v,"link,TCkTQ",https://200089.xyz/f3jCJT9kV
http://2l0vdj.yingpa.online/sBht#8rnz8b8p,"link,TCkTQ",https://200219.xyz/AEJLeXkSa
http://x0bn42.yuanza.store/sBht#8l8frfdz,"link,TCkTQ",https://200288.xyz/Zxivti5wX
http://8462d8.laifu.xyz/sBht#v6x2048j,"link,TCkTQ",https://200384.xyz/I2g0Y7xmJ
http://t08r26.zongzu.online/sBht#00z04l60,"link,TCkTQ",https://200473.xyz/xYXf53lLm
http://fz8l0f.xinde.online/sBht#0hv0h0f4,"qr,TCkTQ",https://200491.xyz/67hTyhe6t
http://dr0d2p.suiye.online/sBht#hj22268b,"qr,TCkTQ",https://200506.xyz/qH6AwQzhk
http://00t600.zezi.store/sBht#d8j62648,"qr,TCkTQ",https://200588.xyz/fo7H6CdvQ
http://86l4zr.haimo.online/sBht#l48dxdl0,"qr,TCkTQ",https://200613.xyz/t0LTx7stY
http://xd024f.chende.site/sBht#484pdpb4,"qr,TCkTQ",https://200688.xyz/m74dpQBz2
https://84rl06.zahe.site/sBht#v20868tx,"qr,TCkTQ",https://200793.xyz/dYdAgysiY
https://r40n8p.luange.shop/sBht#l8v2pv8f,"qr,TCkTQ",https://200869.xyz/4KZfGc39P
http://ljh6bj.jiepu.fun/sBht#v6b806xh,"qr,TCkTQ",https://200921.xyz/2rLgxAJ1m
http://p2l84x.dentu.store/sBht#v04vnl64,"qr,TCkTQ",https://200088.xyz/0HCtBbzxy
http://42h66v.junte.shop/sBht#8nx0vd0z,"qr,TCkTQ",https://200089.xyz/mqvezy3gV
http://4fhf6p.maore.store/sBht#z66pdzxf,"qr,TCkTQ",https://200219.xyz/H9iY5WZAk
http://2888z6.soure.online/sBht#262l00bp,"qr,TCkTQ",https://200288.xyz/PDieE2wky
http://xdrx2f.chende.site/video/play/1108.html#r8z64084,"link,phimdvb",https://200384.xyz/FcbkTsmUM
https://v8jx6t.zahe.site/video/play/1108.html#8002j288,"link,phimdvb",https://200473.xyz/O9jJ5CmEA
https://v08060.luange.shop/video/play/1108.html#bjb4bft2,"link,phimdvb",https://200491.xyz/AYVyNpTuD
http://vt2882.jiepu.fun/video/play/1108.html#ptznt604,"link,phimdvb",https://200506.xyz/DEWMWZA1M
http://4nj088.dentu.store/video/play/1108.html#p8llb6l0,"link,phimdvb",https://200588.xyz/vS5eeBqAd
http://pr8v46.junte.shop/video/play/1108.html#4pd60z86,"link,phimdvb",https://200613.xyz/hjvbDQAhe
http://xl02p4.maore.store/video/play/1108.html#vlvh606d,"link,phimdvb",https://200688.xyz/PNTpntzei
http://6tf400.soure.online/video/play/1108.html#6p88r042,"link,phimdvb",https://200793.xyz/CS8uMkiwt
http://x8j4bz.yingpa.online/video/play/1108.html#4b42200n,"link,phimdvb",https://200869.xyz/228YCKxTE
http://6p8p8f.yuanza.store/video/play/1108.html#f02ljh00,"link,phimdvb",https://200921.xyz/TdTYUdUh6
http://404f2n.laifu.xyz/video/play/1108.html#f0rnnh80,"link,phimdvb",https://200088.xyz/sX0zz8Af4
http://6d8f08.zongzu.online/video/play/1108.html#00020pp2,"link,phimdvb",https://200089.xyz/AKDTk5pu0
http://084l2x.xinde.online/video/play/1108.html#fdtzn24l,"link,phimdvb",https://200219.xyz/kTGpoUp6w
http://bbh668.suiye.online/video/play/1108.html#nbf8h88z,"link,phimdvb",https://200288.xyz/b5Mt20kgF
http://np8zt6.zezi.store/video/play/1108.html#v2v6fdj8,"link,phimdvb",https://200384.xyz/GUmtCHxko
http://6466ht.haimo.online/video/play/1108.html#22x846dx,"link,phimdvb",https://200473.xyz/839Z43vPe
http://t6b668.chende.site/video/play/1108.html#zptp8282,"link,phimdvb",https://200491.xyz/xKFTjD74C
https://86v846.zahe.site/video/play/1108.html#0blz06xl,"link,phimdvb",https://200506.xyz/Xav5mdyOm
https://44zbl0.luange.shop/video/play/1108.html#jf4822dj,"link,phimdvb",https://200588.xyz/zHW8XlGuf
http://6z4j6z.jiepu.fun/video/play/1108.html#266pzl4n,"link,phimdvb",https://200613.xyz/OXOrzq9ld
http://zldx8d.dentu.store/video/play/1108.html#2f448f26,"link,phimdvb",https://200688.xyz/rNjQHmUU0
http://l4824x.junte.shop/video/play/1108.html#82j46v26,"link,phimdvb",https://200793.xyz/eTqxiTPfa
http://nj00f6.maore.store/video/play/1108.html#48x0rn26,"link,phimdvb",https://200869.xyz/JutEE7nRw
http://88008n.soure.online/video/play/1108.html#xx448d2d,"link,phimdvb",https://200921.xyz/ok3HzfILj
http://4ddv2t.yingpa.online/video/play/1108.html#0z0nzb0f,"link,phimdvb",https://200088.xyz/EXF2mkIL1
http://pr4606.yuanza.store/video/play/1108.html#n0rj64lb,"link,phimdvb",https://200089.xyz/t3xh99Mxg
http://l0nh2p.laifu.xyz/video/play/1108.html#26drrhz2,"link,phimdvb",https://200219.xyz/aqu2xeoMD
http://n86042.zongzu.online/video/play/1108.html#24t4z62n,"link,phimdvb",https://200288.xyz/MwrxGFDm6
http://646rd4.xinde.online/video/play/1108.html#48l2blbv,"qr,phimdvb",https://200384.xyz/OIZ5AhAEW
http://248064.suiye.online/video/play/1108.html#f4df8h6r,"qr,phimdvb",https://200473.xyz/BKm7Hiyrv
http://8842f0.zezi.store/video/play/1108.html#0h48tvf4,"qr,phimdvb",https://200491.xyz/A7B2dNzGJ
http://n08606.haimo.online/video/play/1108.html#4n48l804,"qr,phimdvb",https://200506.xyz/VPzbZ6C1m
http://xfdf8t.chende.site/video/play/1108.html#260pt2n2,"qr,phimdvb",https://200588.xyz/4QZ80OFSM
https://pr604n.zahe.site/video/play/1108.html#zd602n4j,"qr,phimdvb",https://200613.xyz/Hp6W0MMRy
https://v26r4p.luange.shop/video/play/1108.html#0j64j2vx,"qr,phimdvb",https://200688.xyz/v8vMLMUU2
http://28tnhv.jiepu.fun/video/play/1108.html#48808xj2,"qr,phimdvb",https://200793.xyz/5YRbIkF9M
http://2dthx6.dentu.store/video/play/1108.html#r8j60rz4,"qr,phimdvb",https://200869.xyz/Qxe75B59I
http://60v260.junte.shop/video/play/1108.html#t8p2z62l,"qr,phimdvb",https://200921.xyz/hxR5M1uu7
http://24ddrv.maore.store/video/play/1108.html#026nrn6t,"qr,phimdvb",https://200088.xyz/7FVtAjPgH
http://8h6btb.soure.online/video/play/1108.html#h0v6rbpn,"qr,phimdvb",https://200089.xyz/59F8LEQ5x
http://002hzj.chende.site/tMg46#h4x6jppv,"link,9b",https://200219.xyz/OKAHKH3Cf
https://6r82r6.zahe.site/tMg46#8p88tlzn,"link,9b",https://200288.xyz/bbOxpSsxY
https://bzr60j.luange.shop/tMg46#26vxlrd2,"link,9b",https://200384.xyz/xg5EOsZxq
http://8t0866.jiepu.fun/tMg46#dr48048n,"link,9b",https://200473.xyz/cXTJt2gMi
http://pb8ldn.dentu.store/tMg46#d08h4vj8,"link,9b",https://200491.xyz/vKUQ7Rz1Z
http://6znfbt.junte.shop/tMg46#frr48z24,"link,9b",https://200506.xyz/0d52qhkwj
http://tjn4tr.maore.store/tMg46#rzdz2hb2,"link,9b",https://200588.xyz/UvA0bpAsX
http://x08844.soure.online/tMg46#zl0zt88v,"link,9b",https://200613.xyz/CcxeCQ1Gp
http://466288.yingpa.online/tMg46#bf66x64t,"link,9b",https://200688.xyz/quPXlSvtE
http://00t4pp.yuanza.store/tMg46#pvj8t406,"link,9b",https://200793.xyz/un29n10BV
http://x8zl62.laifu.xyz/tMg46#x8h8xdvp,"link,9b",https://200869.xyz/0oUvbYVpd
http://8frj46.zongzu.online/tMg46#h8z48b84,"link,9b",https://200921.xyz/3kmV44kSP
http://8h6662.xinde.online/tMg46#86jbvh40,"link,9b",https://200088.xyz/mbOjjzWbP
http://8nd2l8.suiye.online/tMg46#lrhp2n02,"link,9b",https://200089.xyz/aNqz18RlE
http://8466zp.zezi.store/tMg46#8lvtvr2t,"link,9b",https://200219.xyz/QDf2LLPmf
http://vx4840.haimo.online/tMg46#lzrn0tpl,"link,9b",https://200288.xyz/MINUejJLQ
http://x88v26.chende.site/tMg46#8tp0h48r,"link,9b",https://200384.xyz/w7YYcK1k0
https://00fz6d.zahe.site/tMg46#l2p48x48,"link,9b",https://200473.xyz/47Uh1C017
https://06tnhv.luange.shop/tMg46#6n2t8lrh,"link,9b",https://200491.xyz/tlwTHhrt1
http://b48848.jiepu.fun/tMg46#l8xlv86v,"link,9b",https://200506.xyz/4x5OIxb6H
http://r2b0j4.dentu.store/tMg46#bb86rnvr,"link,9b",https://200588.xyz/3xCDnIr3k
http://d6fb2r.junte.shop/tMg46#2hb4j602,"link,9b",https://200613.xyz/IHwyea1Z0
http://68dz88.maore.store/tMg46#28vd8jrj,"link,9b",https://200688.xyz/b25oH6zkS
http://d0txz2.soure.online/tMg46#6f20f048,"link,9b",https://200793.xyz/DLa22lNKK
http://f00vnb.yingpa.online/tMg46#4z026688,"link,9b",https://200869.xyz/EsoAe4Pz0
http://8vth2z.yuanza.store/tMg46#6l64f608,"link,9b",https://200921.xyz/kiCEqAdSM
http://04bh0z.laifu.xyz/tMg46#p4484lx4,"link,9b",https://200088.xyz/psTrDlumU
http://0hhfdn.zongzu.online/tMg46#6l2028j6,"link,9b",https://200089.xyz/oYEC6dcfL
http://6dl044.xinde.online/tMg46#8b8b8442,"qr,9b",https://200219.xyz/ClFug6yU6
http://bdll22.suiye.online/tMg46#fr00jzbt,"qr,9b",https://200288.xyz/TD0dIPM7A
http://h88vnj.zezi.store/tMg46#6j822fh2,"qr,9b",https://200384.xyz/X4HnlyKVM
http://0rrrxx.haimo.online/tMg46#fl402v8z,"qr,9b",https://200473.xyz/1KB5T4OMY
http://n80hx8.chende.site/tMg46#pnb0zj8x,"qr,9b",https://200491.xyz/rjlI6EeIt
https://z66p84.zahe.site/tMg46#vjl02b8z,"qr,9b",https://200506.xyz/n6bYSrMhE
https://20l684.luange.shop/tMg46#h2f2pz2r,"qr,9b",https://200588.xyz/mTSXzWos8
http://j8hr62.jiepu.fun/tMg46#fphxpd42,"qr,9b",https://200613.xyz/7oqMmmQgo
http://trr4b8.dentu.store/tMg46#j4j0xb2d,"qr,9b",https://200688.xyz/Qhmoj0MH8
http://ntn208.junte.shop/tMg46#6rppzxlx,"qr,9b",https://200793.xyz/MVM6X1Uur
http://b62l20.maore.store/tMg46#82066bnp,"qr,9b",https://200869.xyz/hrAxIj5Rm
http://64r6xz.soure.online/tMg46#86d86fzz,"qr,9b",https://200921.xyz/eTXFJKMIQ
http://pt640p.chende.site/Jy5M8#86262bhl,"link,gtvhd",https://200088.xyz/KC08DLsyw
https://jd4h2f.zahe.site/Jy5M8#2tr2n286,"link,gtvhd",https://200089.xyz/xZjBTfhTv
https://v2f8n4.luange.shop/Jy5M8#tj4j60ph,"link,gtvhd",https://200219.xyz/J9FCvo2t4
http://4d82p2.jiepu.fun/Jy5M8#0482db8j,"link,gtvhd",https://200288.xyz/lEk3IHtig
http://202pr8.dentu.store/Jy5M8#024p0h82,"link,gtvhd",https://200384.xyz/XdhIQR287
http://fhtb64.junte.shop/Jy5M8#z88rf202,"link,gtvhd",https://200473.xyz/vxWCTq4Ph
http://h02p6p.maore.store/Jy5M8#8r2zd80x,"link,gtvhd",https://200491.xyz/jUVJXWGVu
http://h6806p.soure.online/Jy5M8#rthdt0d0,"link,gtvhd",https://200506.xyz/GYuzYg7Bq
http://46d0ht.yingpa.online/Jy5M8#rbvjxj4b,"link,gtvhd",https://200588.xyz/LswWcuq4z
http://nntjrr.yuanza.store/Jy5M8#l846d62f,"link,gtvhd",https://200613.xyz/Z2n6efTGB
http://vp4z44.laifu.xyz/Jy5M8#f4804r42,"link,gtvhd",https://200688.xyz/V6d4UWmuV
http://8p8xz6.zongzu.online/Jy5M8#bfj8b6pl,"link,gtvhd",https://200793.xyz/pEUEvnPmQ
http://8p2hjr.xinde.online/Jy5M8#d6bn84jn,"link,gtvhd",https://200869.xyz/bTmz01PEi
http://rd622h.suiye.online/Jy5M8#6jf8268p,"link,gtvhd",https://200921.xyz/pWX2qDDI4
http://802p6d.zezi.store/Jy5M8#z8pll0z0,"link,gtvhd",https://200088.xyz/ZT6eoNBBx
http://86l220.haimo.online/Jy5M8#464v2f48,"link,gtvhd",https://200089.xyz/r1lUtz5iz
http://6zb6d0.chende.site/Jy5M8#2r68tr6t,"link,gtvhd",https://200219.xyz/lkpwriy6E
https://484846.zahe.site/Jy5M8#8vvt4hjj,"link,gtvhd",https://200288.xyz/ZVA9otlwl
https://v2x02f.luange.shop/Jy5M8#b4l2n6x4,"link,gtvhd",https://200384.xyz/9EZQeW2ro
http://24l8hl.jiepu.fun/Jy5M8#f46bd4bj,"link,gtvhd",https://200473.xyz/RMBfoTFHB
http://j86lt8.dentu.store/Jy5M8#0r6n6ltf,"link,gtvhd",https://200491.xyz/IRAhlrwyT
http://8n246v.junte.shop/Jy5M8#z04zzvxb,"link,gtvhd",https://200506.xyz/s4hAratqM
http://2rd424.maore.store/Jy5M8#p22dn0tj,"link,gtvhd",https://200588.xyz/BBUdgHJy6
http://b48042.soure.online/Jy5M8#z24zv0nx,"link,gtvhd",https://200613.xyz/AxvDNdeIj
http://r84f64.yingpa.online/Jy5M8#zpfbt4h8,"link,gtvhd",https://200688.xyz/k5vh9CNyn
http://bn8x4p.yuanza.store/Jy5M8#404p88hr,"link,gtvhd",https://200793.xyz/AyNXbj69r
http://8hljzd.laifu.xyz/Jy5M8#rxdvztlh,"link,gtvhd",https://200869.xyz/jOfCPgMYe
http://r00l20.zongzu.online/Jy5M8#znl80d46,"link,gtvhd",https://200921.xyz/JUH6xP5oU
http://866x0l.xinde.online/Jy5M8#z086n2hh,"qr,gtvhd",https://200088.xyz/dYhMSMaot
http://80fh46.suiye.online/Jy5M8#68260fh8,"qr,gtvhd",https://200089.xyz/HWwMsDKHt
http://4fnx40.zezi.store/Jy5M8#8zp8xzn2,"qr,gtvhd",https://200219.xyz/kDicNGBXn
http://0208jl.haimo.online/Jy5M8#2rvptj60,"qr,gtvhd",https://200288.xyz/9oYXCfeso
http://t20jnx.chende.site/Jy5M8#ld60f2vh,"qr,gtvhd",https://200384.xyz/nFkkJVXhN
https://z2n0hp.zahe.site/Jy5M8#d8fvtltp,"qr,gtvhd",https://200473.xyz/GAZTr4drP
https://f0j8bf.luange.shop/Jy5M8#h4tnbht0,"qr,gtvhd",https://200491.xyz/X3tetpnX6
http://246r6r.jiepu.fun/Jy5M8#th608jp4,"qr,gtvhd",https://200506.xyz/F4sBPQs4g
http://26dvtn.dentu.store/Jy5M8#d2rph0h2,"qr,gtvhd",https://200588.xyz/ivXofLkCT
http://b0vjx2.junte.shop/Jy5M8#nppj4264,"qr,gtvhd",https://200613.xyz/WH2ivcwMq
http://44n0p8.maore.store/Jy5M8#n686btrh,"qr,gtvhd",https://200688.xyz/d6OIRKpsR
http://20x6v4.soure.online/Jy5M8#z00ppdf6,"qr,gtvhd",https://200793.xyz/Bv9ki6dgI
http://lv8fpj.chende.site/x4Qnz#0048602z,"link,mdccccncs",https://200869.xyz/h0C8xcPQM
https://2z0xdj.zahe.site/x4Qnz#4tzvpbn6,"link,mdccccncs",https://200921.xyz/Chzwnh2Yq
https://8x6rb6.luange.shop/x4Qnz#840rd86v,"link,mdccccncs",https://200088.xyz/UgqP6V2zB
http://p42rb0.jiepu.fun/x4Qnz#262t6202,"link,mdccccncs",https://200089.xyz/ovtekmDIB
http://6646h4.dentu.store/x4Qnz#8nd02x04,"link,mdccccncs",https://200219.xyz/5MWTzuM2O
http://l8xl8h.junte.shop/x4Qnz#6468l48z,"link,mdccccncs",https://200288.xyz/QrW4Atcjf
http://n86202.maore.store/x4Qnz#hf6l4t88,"link,mdccccncs",https://200384.xyz/vyokpNbjR
http://nl2r28.soure.online/x4Qnz#80l22644,"link,mdccccncs",https://200473.xyz/vEmiwLHJ6
http://22228f.yingpa.online/x4Qnz#6t62048b,"link,mdccccncs",https://200491.xyz/MnjAr69MY
http://0p46hf.yuanza.store/x4Qnz#v426d624,"link,mdccccncs",https://200506.xyz/8RgruEGcJ
http://40z2hd.laifu.xyz/x4Qnz#vdxxp0jj,"link,mdccccncs",https://200588.xyz/EVWFuSM99
http://248482.zongzu.online/x4Qnz#t288b24t,"link,mdccccncs",https://200613.xyz/cfhhrCREq
http://vn8068.xinde.online/x4Qnz#x0rd084r,"link,mdccccncs",https://200688.xyz/Oabcxslh0
http://lbhb8j.suiye.online/x4Qnz#6nrxz206,"link,mdccccncs",https://200793.xyz/RisgDem8k
http://240rr8.zezi.store/x4Qnz#4vv0866l,"link,mdccccncs",https://200869.xyz/TZFeUngRw
http://6bbxf2.haimo.online/x4Qnz#d24nr6zp,"link,mdccccncs",https://200921.xyz/WfcgiKpV1
http://4r48jh.chende.site/x4Qnz#4lvhxznd,"link,mdccccncs",https://200088.xyz/qoc5iqNm3
https://j0b2dl.zahe.site/x4Qnz#v40n6424,"link,mdccccncs",https://200089.xyz/LRsO4ASOB
https://8j2ll8.luange.shop/x4Qnz#4lhrbdb2,"link,mdccccncs",https://200219.xyz/BtfvaR5oP
http://h00b6j.jiepu.fun/x4Qnz#tt28fpd2,"link,mdccccncs",https://200288.xyz/cSOYrhdCs
http://404v0n.dentu.store/x4Qnz#nllr2408,"link,mdccccncs",https://200384.xyz/J1QcPsUT1
http://242468.junte.shop/x4Qnz#z86lnl4x,"link,mdccccncs",https://200473.xyz/ImtT1jcSt
http://4x28rl.maore.store/x4Qnz#v0246ft2,"link,mdccccncs",https://200491.xyz/B5VUZ6EyD
http://6n06n8.soure.online/x4Qnz#442jz428,"link,mdccccncs",https://200506.xyz/MloUa2CSJ
http://88jtfn.yingpa.online/x4Qnz#2084vf84,"link,mdccccncs",https://200588.xyz/IfyBqzz0u
http://zfnp80.yuanza.store/x4Qnz#806v0z2d,"link,mdccccncs",https://200613.xyz/GRvKKv3ir
http://l8xpff.laifu.xyz/x4Qnz#n040n20d,"link,mdccccncs",https://200688.xyz/7cslaJylD
http://hd6b28.zongzu.online/x4Qnz#4vnvlp8n,"link,mdccccncs",https://200793.xyz/md1l31I5k
http://4280tz.xinde.online/x4Qnz#n242nj2h,"qr,mdccccncs",https://200869.xyz/6Y2Rq7qXl
http://68lt44.suiye.online/x4Qnz#66d4606j,"qr,mdccccncs",https://200921.xyz/TYaBcMTgD
http://6pl222.zezi.store/x4Qnz#nt8ntzt0,"qr,mdccccncs",https://200088.xyz/F5xQBBSN9
http://ptl2f0.haimo.online/x4Qnz#0j0prb8z,"qr,mdccccncs",https://200089.xyz/b9P2Pzygy
http://4xnl6v.chende.site/x4Qnz#8jvlj4zj,"qr,mdccccncs",https://200219.xyz/x7ODqzbcs
https://6l62p2.zahe.site/x4Qnz#0x0v4480,"qr,mdccccncs",https://200288.xyz/bICYW0ICx
https://j0jf6t.luange.shop/x4Qnz#p2dp2hpd,"qr,mdccccncs",https://200384.xyz/YpwsKLNNc
http://8tp628.jiepu.fun/x4Qnz#r400xd4t,"qr,mdccccncs",https://200473.xyz/DHqoujFNj
http://t284p2.dentu.store/x4Qnz#p8vpn88z,"qr,mdccccncs",https://200491.xyz/mpncmzazf
http://tfx4dx.junte.shop/x4Qnz#6dbxh20r,"qr,mdccccncs",https://200506.xyz/epYfD6a4a
http://p80hxh.maore.store/x4Qnz#8d04hlj0,"qr,mdccccncs",https://200588.xyz/k61lqZWBA
http://b04xxp.soure.online/x4Qnz#806v0xnb,"qr,mdccccncs",https://200613.xyz/exoNQNLA7
http://8hxn48.chende.site/kCzfH#bj04b42x,"link,mqdtttgct",https://200688.xyz/w4V9AHrFj
https://n6t420.zahe.site/kCzfH#6pj66v60,"link,mqdtttgct",https://200793.xyz/gsSFPpiWv
https://62b242.luange.shop/kCzfH#jp62d4d4,"link,mqdtttgct",https://200869.xyz/oQW9eEaiL
http://802j0t.jiepu.fun/kCzfH#80z82zb2,"link,mqdtttgct",https://200921.xyz/X6FCCV1We
http://66b66j.dentu.store/kCzfH#n664dd2x,"link,mqdtttgct",https://200088.xyz/4V612fQG1
http://4hv84r.junte.shop/kCzfH#pv406x0l,"link,mqdtttgct",https://200089.xyz/5cuEEyDh2
http://r4j8tp.maore.store/kCzfH#0xpr6nl4,"link,mqdtttgct",https://200219.xyz/GhAJ69Czj
http://h2p28j.soure.online/kCzfH#f8hlv686,"link,mqdtttgct",https://200288.xyz/yhxzrkICy
http://0h862p.yingpa.online/kCzfH#6d6jp68x,"link,mqdtttgct",https://200384.xyz/Q2Sb9A7PF
http://0ln260.yuanza.store/kCzfH#x0260rjz,"link,mqdtttgct",https://200473.xyz/5FfTFoJST
http://vb8822.laifu.xyz/kCzfH#jzp6ll2n,"link,mqdtttgct",https://200491.xyz/iXKHJZBuj
http://vd6dj8.zongzu.online/kCzfH#6nf088jp,"link,mqdtttgct",https://200506.xyz/kubUojrB4
http://jn6pj0.xinde.online/kCzfH#r2x82z2n,"link,mqdtttgct",https://200588.xyz/XRUcEtz3Y
http://h6jd0b.suiye.online/kCzfH#n0v2dd26,"link,mqdtttgct",https://200613.xyz/wWkQIm0TK
http://bhbv6l.zezi.store/kCzfH#8t4p8zv0,"link,mqdtttgct",https://200688.xyz/mb0kD86U8
http://4jj2tj.haimo.online/kCzfH#h8r6pdh2,"link,mqdtttgct",https://200793.xyz/6oQ6Z1XNx
http://t0d8f8.chende.site/kCzfH#d06bltd2,"link,mqdtttgct",https://200869.xyz/f4pDylP2b
https://p8000x.zahe.site/kCzfH#v0480h80,"link,mqdtttgct",https://200921.xyz/iy8qUoFEw
https://28v28n.luange.shop/kCzfH#4z468j26,"link,mqdtttgct",https://200088.xyz/G3KP63BBy
http://20p0fr.jiepu.fun/kCzfH#6t8b046r,"link,mqdtttgct",https://200089.xyz/JgkMFpKan
http://ltzd04.dentu.store/kCzfH#60l62868,"link,mqdtttgct",https://200219.xyz/NFTn6S7aU
http://00j8jv.junte.shop/kCzfH#zx00f8b6,"link,mqdtttgct",https://200288.xyz/qsYJUqAca
http://0tbrr2.maore.store/kCzfH#808466z2,"link,mqdtttgct",https://200384.xyz/9lQvHkOx0
http://02x246.soure.online/kCzfH#46d40rzb,"link,mqdtttgct",https://200473.xyz/1fOMDZXVM
http://64p2bn.yingpa.online/kCzfH#420002xp,"link,mqdtttgct",https://200491.xyz/ie168ibfT
http://l02tzl.yuanza.store/kCzfH#848r062d,"link,mqdtttgct",https://200506.xyz/wZIOBqIfA
http://d2tv88.laifu.xyz/kCzfH#hxbt8dv8,"link,mqdtttgct",https://200588.xyz/JApI9B9QN
http://8tbh2t.zongzu.online/kCzfH#0rr22684,"link,mqdtttgct",https://200613.xyz/KyiHtd7ob
http://b6jhz0.xinde.online/kCzfH#dd4j2nj8,"qr,mqdtttgct",https://200688.xyz/ILhWauh0i
http://dlzjhv.suiye.online/kCzfH#z82282xp,"qr,mqdtttgct",https://200793.xyz/rCaYKK4Ou
http://tjdf42.zezi.store/kCzfH#8z8jvfrr,"qr,mqdtttgct",https://200869.xyz/BsZjEB5DW
http://42hzbh.haimo.online/kCzfH#t84p2j0t,"qr,mqdtttgct",https://200921.xyz/R6XISfvUi
http://r4xl6r.chende.site/kCzfH#482t8288,"qr,mqdtttgct",https://200088.xyz/FUjiVRNLW
https://6v6842.zahe.site/kCzfH#8r66lbrf,"qr,mqdtttgct",https://200089.xyz/Fwe3Jj5eL
https://lx222r.luange.shop/kCzfH#2426x2bn,"qr,mqdtttgct",https://200219.xyz/PoGKsG927
http://826f68.jiepu.fun/kCzfH#bdt2fznj,"qr,mqdtttgct",https://200288.xyz/MUQjZnOac
http://fnhr2n.dentu.store/kCzfH#822f662d,"qr,mqdtttgct",https://200384.xyz/0VZChCYEE
http://x2jdxp.junte.shop/kCzfH#z40t2v6t,"qr,mqdtttgct",https://200473.xyz/WdEfofrtH
http://0vpnt2.maore.store/kCzfH#hdx4l0rh,"qr,mqdtttgct",https://200491.xyz/do7jA0CZu
http://04hr00.soure.online/kCzfH#866642pd,"qr,mqdtttgct",https://200506.xyz/c7gDE8EdB
http://66t2z8.chende.site/1nM6#r20l0808,"link,3t",https://200588.xyz/zwaOmV9Jl
https://4l028v.zahe.site/1nM6#pj2hl46p,"link,3t",https://200613.xyz/xQKvZTN9o
https://4z4nn0.luange.shop/1nM6#d24p4h64,"link,3t",https://200688.xyz/mixatb5uU
http://2tl8nz.jiepu.fun/1nM6#6ff8hn4h,"link,3t",https://200793.xyz/rgD6xgvjd
http://68x4fd.dentu.store/1nM6#nrzr8pl8,"link,3t",https://200869.xyz/MpXO13cmJ
http://j4vp2x.junte.shop/1nM6#h0tf824z,"link,3t",https://200921.xyz/0FcXhxsHK
http://d22lpl.maore.store/1nM6#h0x824fv,"link,3t",https://200088.xyz/CoRSUADFv
http://trnl82.soure.online/1nM6#r2b0znnj,"link,3t",https://200089.xyz/ZCWxan5C1
http://n6z0pj.yingpa.online/1nM6#808fpnf0,"link,3t",https://200219.xyz/JlRN5UZbt
http://8f0l2l.yuanza.store/1nM6#rjlf4026,"link,3t",https://200288.xyz/AUAfh6aEs
http://t8004h.laifu.xyz/1nM6#6dvbn844,"link,3t",https://200384.xyz/XTaVLiXGE
http://n66bz0.zongzu.online/1nM6#8268866r,"link,3t",https://200473.xyz/KlOkvvaWv
http://44xh6f.xinde.online/1nM6#xlp640jj,"link,3t",https://200491.xyz/AGZBj7L0J
http://prp6lx.suiye.online/1nM6#rn064480,"link,3t",https://200506.xyz/E0eG0li8X
http://84d0j2.zezi.store/1nM6#6n0r02n6,"link,3t",https://200588.xyz/iKjBhOZJ0
http://j4n82l.haimo.online/1nM6#88f662dj,"link,3t",https://200613.xyz/2rcVY2fNp
http://6f4f26.chende.site/1nM6#2tpt8l68,"link,3t",https://200688.xyz/IYm5w0H99
https://4vx48l.zahe.site/1nM6#v80b60pr,"link,3t",https://200793.xyz/OWfAArkBI
https://8066z2.luange.shop/1nM6#p46l4ppt,"link,3t",https://200869.xyz/ULoG9yxLZ
http://2z644j.jiepu.fun/1nM6#j2fd64l2,"link,3t",https://200921.xyz/ywUbJ2uOz
http://xj8684.dentu.store/1nM6#r062j4xb,"link,3t",https://200088.xyz/FUdED8OuK
http://j4p0j0.junte.shop/1nM6#fdh88dx8,"link,3t",https://200089.xyz/bqsQ9cAho
http://xbbfpd.maore.store/1nM6#28h484b8,"link,3t",https://200219.xyz/GM65u2kI2
http://hpdjt0.soure.online/1nM6#6nv0n6t8,"link,3t",https://200288.xyz/RkfJ7TZVF
http://bthf66.yingpa.online/1nM6#zz20ndr8,"link,3t",https://200384.xyz/4XuqDaD0f
http://264h24.yuanza.store/1nM6#ldj6r622,"link,3t",https://200473.xyz/bHTXXwLrJ
http://rbv2z6.laifu.xyz/1nM6#dh2f80xp,"link,3t",https://200491.xyz/w581dW7MM
http://4240xr.zongzu.online/1nM6#4b6jrtfn,"link,3t",https://200506.xyz/4DdFnvuzb
http://4424nv.xinde.online/1nM6#4vt0njb0,"qr,3t",https://200588.xyz/4LGcMPko4
http://04z002.suiye.online/1nM6#88p88jfj,"qr,3t",https://200613.xyz/GqQuGlSid
http://lh0jtb.zezi.store/1nM6#2rd2p2pn,"qr,3t",https://200688.xyz/pfEFIaV42
http://6zl0t8.haimo.online/1nM6#nprp842j,"qr,3t",https://200793.xyz/Ajd4XjvXB
http://h8p8v8.chende.site/1nM6#6t2204nh,"qr,3t",https://200869.xyz/dwzPJS6Sl
https://n0j46r.zahe.site/1nM6#d6b46l6h,"qr,3t",https://200921.xyz/IoDVZtBZ3
https://jh8060.luange.shop/1nM6#zr6j6pdd,"qr,3t",https://200088.xyz/A6hFVq2x1
http://ptbvrf.jiepu.fun/1nM6#4t60fh4l,"qr,3t",https://200089.xyz/Q88ow4ix2
http://424hjl.dentu.store/1nM6#n22684z8,"qr,3t",https://200219.xyz/XIo6HJz3C
http://xd08lb.junte.shop/1nM6#8v6pf4t6,"qr,3t",https://200288.xyz/SUsDFrxAE
http://0xz82z.maore.store/1nM6#hb0v8h64,"qr,3t",https://200384.xyz/1XSlshzv0
http://42nl0x.soure.online/1nM6#fnpv4x48,"qr,3t",https://200473.xyz/grE9FJt3C
http://46808d.chende.site/KN9Kg#8f2hb84n,"link,app3t",https://200491.xyz/svSRGCmC8
https://n4n6fh.zahe.site/KN9Kg#z8l8fjpn,"link,app3t",https://200506.xyz/ZOB5WELUJ
https://h246n0.luange.shop/KN9Kg#f02r0j06,"link,app3t",https://200588.xyz/J6LQPmgo1
http://00j402.jiepu.fun/KN9Kg#06nz8fdp,"link,app3t",https://200613.xyz/frymvxiWx
http://z464ft.dentu.store/KN9Kg#46l04v66,"link,app3t",https://200688.xyz/sNULdbXWy
http://p8v4t8.junte.shop/KN9Kg#pr28464l,"link,app3t",https://200793.xyz/wc4yMjEfz
http://f840l0.maore.store/KN9Kg#xfb86zb8,"link,app3t",https://200869.xyz/ntKGTcsEd
http://8d8020.soure.online/KN9Kg#dx200fhx,"link,app3t",https://200921.xyz/5s13o5Gyp
http://6bl024.yingpa.online/KN9Kg#pfvlt62r,"link,app3t",https://200088.xyz/wdoMzndN7
http://640rx8.yuanza.store/KN9Kg#6026x2xl,"link,app3t",https://200089.xyz/3jbfk2eP4
http://64xjtp.laifu.xyz/KN9Kg#hzpp8j6v,"link,app3t",https://200219.xyz/Fcfc50yCt
http://8n08fz.zongzu.online/KN9Kg#lxnf4040,"link,app3t",https://200288.xyz/v71b5oABG
http://rlh86p.xinde.online/KN9Kg#86zpz0bx,"link,app3t",https://200384.xyz/fzT7Ag3vI
http://2fz82l.suiye.online/KN9Kg#t22dh82h,"link,app3t",https://200473.xyz/TLCA2yZJW
http://tbfhz8.zezi.store/KN9Kg#h86j444v,"link,app3t",https://200491.xyz/0kfNc3jbK
http://468nzd.haimo.online/KN9Kg#00600l6l,"link,app3t",https://200506.xyz/N8S6Y5fZO
http://h46hl4.chende.site/KN9Kg#hv62d28r,"link,app3t",https://200588.xyz/YsvZO81c1
https://vlrlfn.zahe.site/KN9Kg#xx06b4vt,"link,app3t",https://200613.xyz/ON9Sz4bp5
https://044028.luange.shop/KN9Kg#2tjrx6t0,"link,app3t",https://200688.xyz/vG283q6EG
http://v2h4r2.jiepu.fun/KN9Kg#bbjl2xlp,"link,app3t",https://200793.xyz/7KGDaZh0y
http://84h8fr.dentu.store/KN9Kg#d42t0bxt,"link,app3t",https://200869.xyz/otLqoOg37
http://x68jpf.junte.shop/KN9Kg#2d4ffdf6,"link,app3t",https://200921.xyz/ecQbHD5qk
http://v8lt8p.maore.store/KN9Kg#26dbd448,"link,app3t",https://200088.xyz/AMWsjUO6s
http://t42vrj.soure.online/KN9Kg#p86r2n8n,"link,app3t",https://200089.xyz/UQsJar7OM
http://8j2z44.yingpa.online/KN9Kg#hh62v24p,"link,app3t",https://200219.xyz/ooeJz8qdI
http://ff64j6.yuanza.store/KN9Kg#xt2n06h0,"link,app3t",https://200288.xyz/r0QzffTY2
http://f48nxr.laifu.xyz/KN9Kg#rbbj6dfx,"link,app3t",https://200384.xyz/nGzeqOK2a
http://jx8d20.zongzu.online/KN9Kg#fh608462,"link,app3t",https://200473.xyz/PEppseRNm
http://02jr20.xinde.online/KN9Kg#248jvpb4,"qr,app3t",https://200491.xyz/yRtHmcevo
http://0h82dr.suiye.online/KN9Kg#v8p26dp8,"qr,app3t",https://200506.xyz/9WCPSG8j4
http://0r8lz6.zezi.store/KN9Kg#64rbl08n,"qr,app3t",https://200588.xyz/GAVDpZ8Gz
http://826hb0.haimo.online/KN9Kg#6rp46v60,"qr,app3t",https://200613.xyz/Aqd9rKfxP
http://n0x8x0.chende.site/KN9Kg#8082v4r4,"qr,app3t",https://200688.xyz/13hzRkNdU
https://4h28r6.zahe.site/KN9Kg#dzt004h6,"qr,app3t",https://200793.xyz/CUZyUWeie
https://6p8642.luange.shop/KN9Kg#000vp06b,"qr,app3t",https://200869.xyz/iQBZVSz4L
http://t408nh.jiepu.fun/KN9Kg#2zfvj422,"qr,app3t",https://200921.xyz/ROEEALfrx
http://lx0204.dentu.store/KN9Kg#06h28rx4,"qr,app3t",https://200088.xyz/rHaYzGceN
http://nn0bd4.junte.shop/KN9Kg#frv86p2h,"qr,app3t",https://200089.xyz/f6JqwSWUQ
http://0l2842.maore.store/KN9Kg#6j20rz2f,"qr,app3t",https://200219.xyz/qZJPmc90P
http://28jn64.soure.online/KN9Kg#824642dz,"qr,app3t",https://200288.xyz/whAKxgMkV
http://bh28vd.chende.site/GnoF#r6d8n460,"link,webMHN",https://200384.xyz/cR5LsDm1u
https://r44brt.zahe.site/GnoF#rhx60n0x,"link,webMHN",https://200473.xyz/3I5tNQThH
https://88rllp.luange.shop/GnoF#44r00ft6,"link,webMHN",https://200491.xyz/wlMFhyuO0
http://0r0pf8.jiepu.fun/GnoF#x4464rpb,"link,webMHN",https://200506.xyz/1mx8fCWW3
http://004442.dentu.store/GnoF#j06f828d,"link,webMHN",https://200588.xyz/T6Tntcd26
http://42fh2v.junte.shop/GnoF#6fz626xn,"link,webMHN",https://200613.xyz/BRUJzfDD9
http://0xn864.maore.store/GnoF#jl0d8nx0,"link,webMHN",https://200688.xyz/8peSAIN2t
http://6f2x2r.soure.online/GnoF#2t84tfn0,"link,webMHN",https://200793.xyz/KIyREDpLK
http://fd2ddd.yingpa.online/GnoF#208r8b06,"link,webMHN",https://200869.xyz/rcXrrJUw6
http://842ftt.yuanza.store/GnoF#0r8trrt2,"link,webMHN",https://200921.xyz/LMyyms8cJ
http://fzjv48.laifu.xyz/GnoF#bffp864f,"link,webMHN",https://200088.xyz/FSLQ4uFBs
http://lb0x44.zongzu.online/GnoF#2802vz8h,"link,webMHN",https://200089.xyz/2sOf4CG0b
http://td8r2p.xinde.online/GnoF#dp04r84b,"link,webMHN",https://200219.xyz/fDx1Wvl8n
http://fn88pt.suiye.online/GnoF#hvjpxx0j,"link,webMHN",https://200288.xyz/81I2R7BHS
http://284hp4.zezi.store/GnoF#h8h2j248,"link,webMHN",https://200384.xyz/mtENbZaah
http://l60bxv.haimo.online/GnoF#26r2ff0b,"link,webMHN",https://200473.xyz/EEv7kGSfp
http://z4602n.chende.site/GnoF#60464l6d,"link,webMHN",https://200491.xyz/OYBDo2UTc
https://x8z4r8.zahe.site/GnoF#j0tdhvnr,"link,webMHN",https://200506.xyz/gNXhb8H5V
https://664zdj.luange.shop/GnoF#2t8480jn,"link,webMHN",https://200588.xyz/bGclYwOah
http://82002f.jiepu.fun/GnoF#0bvp6rb6,"link,webMHN",https://200613.xyz/0Pfq01EA3
http://j68f86.dentu.store/GnoF#2j0h6btv,"link,webMHN",https://200688.xyz/0nKf0aWhH
http://020n0l.junte.shop/GnoF#08d4n62f,"link,webMHN",https://200793.xyz/Kix451T9Q
http://4v46fx.maore.store/GnoF#2h6np244,"link,webMHN",https://200869.xyz/CaOr8eMOE
http://88bh0l.soure.online/GnoF#4t6dz488,"link,webMHN",https://200921.xyz/z46nULXT1
http://v6h086.yingpa.online/GnoF#4n880440,"link,webMHN",https://200088.xyz/EWuehNKht
http://86bzb0.yuanza.store/GnoF#j48vv2z6,"link,webMHN",https://200089.xyz/1CHgBEFKo
http://z8p4r2.laifu.xyz/GnoF#4j0vdn26,"link,webMHN",https://200219.xyz/ikmsnSFig
http://n2td42.zongzu.online/GnoF#vl6vzhd0,"link,webMHN",https://200288.xyz/7A6VbpVJf
http://b86r64.xinde.online/GnoF#zrxtx4jh,"qr,webMHN",https://200384.xyz/vZnx6yvYf
http://rf4pht.suiye.online/GnoF#blj0xbvb,"qr,webMHN",https://200473.xyz/PR0qQMWdp
http://4b8nhj.zezi.store/GnoF#02ft82bj,"qr,webMHN",https://200491.xyz/jw2p1D5bq
http://h4vjt2.haimo.online/GnoF#8frz2zl4,"qr,webMHN",https://200506.xyz/sI6vAHga2
http://p8n88t.chende.site/GnoF#x4trh6vv,"qr,webMHN",https://200588.xyz/6AbGjObUm
https://t20l02.zahe.site/GnoF#22j6r06l,"qr,webMHN",https://200613.xyz/1na0U88qC
https://p4p4dp.luange.shop/GnoF#06bz804j,"qr,webMHN",https://200688.xyz/Rqo8Rrh5W
http://x048l6.jiepu.fun/GnoF#hz2v4d4h,"qr,webMHN",https://200793.xyz/cXZEB5eaD
http://h22vbp.dentu.store/GnoF#fvxx4ff0,"qr,webMHN",https://200869.xyz/ZxjPa6FCe
http://0802t0.junte.shop/GnoF#rnv6tht8,"qr,webMHN",https://200921.xyz/h7aRBS295
http://n2z084.maore.store/GnoF#tpj8rj8x,"qr,webMHN",https://200088.xyz/sWp6hjphM
http://b8626j.soure.online/GnoF#n2p2b88b,"qr,webMHN",https://200089.xyz/4g7gg0ejZ
http://4x6pdt.chende.site/5kU6#d464fd26,"link,webCK",https://200219.xyz/1VoVPpg0K
https://j486hn.zahe.site/5kU6#t8t82vvl,"link,webCK",https://200288.xyz/bqt6VcXJw
https://6fd2l0.luange.shop/5kU6#4b2pxhvp,"link,webCK",https://200384.xyz/J7qWlEuRl
http://60h2vr.jiepu.fun/5kU6#n68zh6j0,"link,webCK",https://200473.xyz/9J6tEI85A
http://jnld6t.dentu.store/5kU6#0vvvj4p0,"link,webCK",https://200491.xyz/GRbeSnVGm
http://040btb.junte.shop/5kU6#6t4248dl,"link,webCK",https://200506.xyz/VxNXoqEUw
http://hh286v.maore.store/5kU6#8bv0f44x,"link,webCK",https://200588.xyz/3off6M4SE
http://p4f2r4.soure.online/5kU6#dzx86b4p,"link,webCK",https://200613.xyz/nTnjiLCJe
http://426njv.yingpa.online/5kU6#44bj048b,"link,webCK",https://200688.xyz/Pp0Bf4A2L
http://b4f882.yuanza.store/5kU6#hf02840v,"link,webCK",https://200793.xyz/Pi1bt96YZ
http://04b0dn.laifu.xyz/5kU6#6z2260fh,"link,webCK",https://200869.xyz/M4lc4Bs59
http://tnr6lp.zongzu.online/5kU6#2lrhbx0l,"link,webCK",https://200921.xyz/qNE0It1nE
http://lh2262.xinde.online/5kU6#4d8vhtp2,"link,webCK",https://200088.xyz/0Co3DHSIl
http://0t0j4p.suiye.online/5kU6#r08f6vf8,"link,webCK",https://200089.xyz/5KP1xS3Qu
http://r2phl6.zezi.store/5kU6#hlj6pbj6,"link,webCK",https://200219.xyz/kevMrdoo2
http://4f2fv8.haimo.online/5kU6#rj22f4fd,"link,webCK",https://200288.xyz/qU1KNz6mk
http://8pt22f.chende.site/5kU6#26646628,"link,webCK",https://200384.xyz/Dqkp8SjH5
https://n00d0f.zahe.site/5kU6#t022zbbv,"link,webCK",https://200473.xyz/P8k7FVhCS
https://6bp02z.luange.shop/5kU6#tdn2x622,"link,webCK",https://200491.xyz/AY312wnQa
http://lttzb2.jiepu.fun/5kU6#tdx8th62,"link,webCK",https://200506.xyz/I4gn7sSj2
http://80r644.dentu.store/5kU6#lvf8xt02,"link,webCK",https://200588.xyz/RW3BUFTNq
http://fn40hv.junte.shop/5kU6#6f242zt6,"link,webCK",https://200613.xyz/OqBo2Cvi6
http://6dld8l.maore.store/5kU6#6l28tvdl,"link,webCK",https://200688.xyz/KFTVXEZ2P
http://6f4rfj.soure.online/5kU6#6vb42846,"link,webCK",https://200793.xyz/0VREqsiF4
http://fj2dpx.yingpa.online/5kU6#4xn2rdl2,"link,webCK",https://200869.xyz/bUOJet1HC
http://v8tzx0.yuanza.store/5kU6#4v2n6x8r,"link,webCK",https://200921.xyz/bsx7HzYRi
http://f2b4vj.laifu.xyz/5kU6#4d62d8x6,"link,webCK",https://200088.xyz/NLrb9Akiu
http://r2p0h4.zongzu.online/5kU6#0l824rjj,"link,webCK",https://200089.xyz/OiaSSGB2X
http://r268nb.xinde.online/5kU6#26z40tz0,"qr,webCK",https://200219.xyz/ZxKKLUDDE
http://ptd2np.suiye.online/5kU6#880ttl26,"qr,webCK",https://200288.xyz/U7nBOFhZq
http://2pph8r.zezi.store/5kU6#xhlbv8l0,"qr,webCK",https://200384.xyz/4IISPkpBO
http://62ljf2.haimo.online/5kU6#pt0tv4rp,"qr,webCK",https://200473.xyz/uvUi3xnPo
http://222000.chende.site/5kU6#t08022jb,"qr,webCK",https://200491.xyz/pLii0IuAo
https://2h6v86.zahe.site/5kU6#2zr2h8xl,"qr,webCK",https://200506.xyz/b7c0rKVoa
https://240l6v.luange.shop/5kU6#4fb88hdz,"qr,webCK",https://200588.xyz/urOhhqDSO
http://h4vzn6.jiepu.fun/5kU6#68640pph,"qr,webCK",https://200613.xyz/DCi5tSiCo
http://ph0xjj.dentu.store/5kU6#28drx24b,"qr,webCK",https://200688.xyz/6eA17AcP1
http://p4j86x.junte.shop/5kU6#v42t0v6n,"qr,webCK",https://200793.xyz/B0SlhIAkx
http://20z4d2.maore.store/5kU6#28l6p4bl,"qr,webCK",https://200869.xyz/3NmlAt6Nc
http://n08h4r.soure.online/5kU6#txvvl644,"qr,webCK",https://200921.xyz/VeW1jVjWD
http://002tj8.chende.site/yJipG#b88028h4,"link,webDafa",https://200088.xyz/xoC7i1SpF
https://n2hpz4.zahe.site/yJipG#064j0zj6,"link,webDafa",https://200089.xyz/clQngYoAu
https://86jtf4.luange.shop/yJipG#bl0d4bzl,"link,webDafa",https://200219.xyz/GhVxzbr2g
http://08bn40.jiepu.fun/yJipG#x00b4xdj,"link,webDafa",https://200288.xyz/bpjMCea2P
http://64np8j.dentu.store/yJipG#6nhbxrn0,"link,webDafa",https://200384.xyz/DS13P7N2R
http://0f4d0t.junte.shop/yJipG#p0n6l06p,"link,webDafa",https://200473.xyz/qRop4EaJ1
http://l80t26.maore.store/yJipG#262824n2,"link,webDafa",https://200491.xyz/Mhj71QScu
http://h6xlj6.soure.online/yJipG#4xtdr468,"link,webDafa",https://200506.xyz/WwZlmxQW5
http://hfb4r0.yingpa.online/yJipG#26042fpd,"link,webDafa",https://200588.xyz/iVFPP3RLI
http://22j0hd.yuanza.store/yJipG#82l24l6h,"link,webDafa",https://200613.xyz/xliFoEIdX
http://4t4p62.laifu.xyz/yJipG#zl8h4tv8,"link,webDafa",https://200688.xyz/RwH6DaDIO
http://v2t8v4.zongzu.online/yJipG#04080r6f,"link,webDafa",https://200793.xyz/hUl3o5aWU
http://l4d86f.xinde.online/yJipG#0lp8286h,"link,webDafa",https://200869.xyz/IBIBp3VdW
http://l0fnl6.suiye.online/yJipG#6v2d2v40,"link,webDafa",https://200921.xyz/T9URYmPDg
http://f464nr.zezi.store/yJipG#d064trzz,"link,webDafa",https://200088.xyz/Z6ViJXCO0
http://028nr8.haimo.online/yJipG#88082p4j,"link,webDafa",https://200089.xyz/22lpNGI4l
http://d2tf88.chende.site/yJipG#64pfzzxp,"link,webDafa",https://200219.xyz/cW1R502XI
https://8468j8.zahe.site/yJipG#dfz6dpxp,"link,webDafa",https://200288.xyz/0Wp42GfSL
https://22n0pn.luange.shop/yJipG#d86b0jrr,"link,webDafa",https://200384.xyz/EbZvIRh9s
http://dtp680.jiepu.fun/yJipG#f00rv80h,"link,webDafa",https://200473.xyz/Vlzkq2Zkw
http://vr06jf.dentu.store/yJipG#f6f6tpv6,"link,webDafa",https://200491.xyz/rpN7zfUD6
http://lddv68.junte.shop/yJipG#622b8842,"link,webDafa",https://200506.xyz/Y9SfNrcAK
http://00t4bz.maore.store/yJipG#l26f0hlv,"link,webDafa",https://200588.xyz/ifDv4tKEP
http://bhd4hp.soure.online/yJipG#4p20h40b,"link,webDafa",https://200613.xyz/AdTGQRkLd
http://p82r8t.yingpa.online/yJipG#264x2028,"link,webDafa",https://200688.xyz/lxHU00iEp
http://640flr.yuanza.store/yJipG#288vzfzl,"link,webDafa",https://200793.xyz/MI0t0GpI1
http://6nvh2v.laifu.xyz/yJipG#4244h2j0,"link,webDafa",https://200869.xyz/8pxwpBIKC
http://8xxrx8.zongzu.online/yJipG#fxp02t00,"link,webDafa",https://200921.xyz/npXbFxzeP
http://n8rnz0.xinde.online/yJipG#vvvz6dhn,"qr,webDafa",https://200088.xyz/a9jllbCE8
http://pl8jd2.suiye.online/yJipG#466df4f4,"qr,webDafa",https://200089.xyz/MUA6TkRje
http://j4nn80.zezi.store/yJipG#ll8xt6l8,"qr,webDafa",https://200219.xyz/UmnEePn9k
http://26024f.haimo.online/yJipG#646f020t,"qr,webDafa",https://200288.xyz/CPxI4txgD
http://nljnd4.chende.site/yJipG#v2bv8680,"qr,webDafa",https://200384.xyz/MTU8ehXIz
https://42zl82.zahe.site/yJipG#rh4bf2h0,"qr,webDafa",https://200473.xyz/YiyrOcfFX
https://0rv006.luange.shop/yJipG#fl40tt2t,"qr,webDafa",https://200491.xyz/Kq2b2VN28
http://8bjbx6.jiepu.fun/yJipG#6hzztx24,"qr,webDafa",https://200506.xyz/f9QMh5NKr
http://n6p60t.dentu.store/yJipG#8hbnl4pv,"qr,webDafa",https://200588.xyz/AyihIlA1C
http://fn2nhx.junte.shop/yJipG#2j0r6hn4,"qr,webDafa",https://200613.xyz/gt0P1ovSY
http://xbpdfl.maore.store/yJipG#zz0n64dt,"qr,webDafa",https://200688.xyz/lF1S2vCaB
http://0lx6zb.soure.online/yJipG#68d6x626,"qr,webDafa",https://200793.xyz/cd9g3VTyN
http://r6bd2p.chende.site/sL4Gz#88xtdp88,"link,SCPL",https://200869.xyz/lupHCpGwq
https://0r8vj0.zahe.site/sL4Gz#06nf2bnp,"link,SCPL",https://200921.xyz/jgcePcbtu
https://0t6jb6.luange.shop/sL4Gz#n8nznp2h,"link,SCPL",https://200088.xyz/nRIc0nAP4
http://h06zfx.jiepu.fun/sL4Gz#ddb6fbt8,"link,SCPL",https://200089.xyz/waU2vHLVj
http://hf426t.dentu.store/sL4Gz#l04x4j42,"link,SCPL",https://200219.xyz/PYNw3NhxJ
http://28n4lb.junte.shop/sL4Gz#bfb8424t,"link,SCPL",https://200288.xyz/Jl1BDI89l
http://t2802l.maore.store/sL4Gz#hz686n4j,"link,SCPL",https://200384.xyz/dYdjA5A35
http://4lp40v.soure.online/sL4Gz#0644p2x6,"link,SCPL",https://200473.xyz/IGM1fsdxR
http://0b4x4j.yingpa.online/sL4Gz#46r20f8p,"link,SCPL",https://200491.xyz/PsM64fEQ0
http://f842rb.yuanza.store/sL4Gz#llhbtzd8,"link,SCPL",https://200506.xyz/qhj0L2db5
http://288624.laifu.xyz/sL4Gz#pv48664l,"link,SCPL",https://200588.xyz/0IvkOcZfr
http://60b62f.zongzu.online/sL4Gz#0b0hjxn4,"link,SCPL",https://200613.xyz/qEtIMHKbt
http://0jbf28.xinde.online/sL4Gz#224f2pl6,"link,SCPL",https://200688.xyz/g2k9CXrDf
http://8zzdbd.suiye.online/sL4Gz#jl8022xn,"link,SCPL",https://200793.xyz/I7R4NW1T6
http://lj2bn2.zezi.store/sL4Gz#004v0dnz,"link,SCPL",https://200869.xyz/dTQ3VsqS4
http://rfj00n.haimo.online/sL4Gz#db882zr8,"link,SCPL",https://200921.xyz/k3Jm8qJcJ
http://226dnn.chende.site/sL4Gz#rljj6t24,"link,SCPL",https://200088.xyz/nr098EmGf
https://vp204p.zahe.site/sL4Gz#frb42tp0,"link,SCPL",https://200089.xyz/ii0GJcCUb
https://h04040.luange.shop/sL4Gz#z8v2xlf8,"link,SCPL",https://200219.xyz/JQqTlZ4WJ
http://r0n2dh.jiepu.fun/sL4Gz#r2ddz824,"link,SCPL",https://200288.xyz/XVROxnXRg
http://bnr08l.dentu.store/sL4Gz#0dl682df,"link,SCPL",https://200384.xyz/99kpyFcSH
http://vzxbp0.junte.shop/sL4Gz#6b0l8862,"link,SCPL",https://200473.xyz/jKckOP7Ua
http://lp44dd.maore.store/sL4Gz#rn4vvxp2,"link,SCPL",https://200491.xyz/UAFferpGu
http://884lv0.soure.online/sL4Gz#2fxt802x,"link,SCPL",https://200506.xyz/fv8BXNewq
http://t6f0hf.yingpa.online/sL4Gz#v62ftp46,"link,SCPL",https://200588.xyz/3X6sPYT32
http://j48882.yuanza.store/sL4Gz#h042ffdv,"link,SCPL",https://200613.xyz/uHDrmCQYl
http://0z66d0.laifu.xyz/sL4Gz#zpvd80l0,"link,SCPL",https://200688.xyz/3BpItfGJq
http://hj8vx2.zongzu.online/sL4Gz#8xzxtj04,"link,SCPL",https://200793.xyz/WI4QjDPTN
http://8vlxbt.xinde.online/sL4Gz#8202vhz2,"qr,SCPL",https://200869.xyz/3k2CAN6ss
http://hph86f.suiye.online/sL4Gz#z8d626f2,"qr,SCPL",https://200921.xyz/GlzsEjcyD
http://48jnn2.zezi.store/sL4Gz#np62jxvj,"qr,SCPL",https://200088.xyz/RRapoBsF4
http://6p0r84.haimo.online/sL4Gz#xp6rjxhd,"qr,SCPL",https://200089.xyz/4fS2uYqlZ
http://8b6x24.chende.site/sL4Gz#j6ftb8tv,"qr,SCPL",https://200219.xyz/zDa6mRV92
https://60r682.zahe.site/sL4Gz#62jt0p2n,"qr,SCPL",https://200288.xyz/jrGoeVtW1
https://4dvnp6.luange.shop/sL4Gz#862xf8x0,"qr,SCPL",https://200384.xyz/gQGrG6ivA
http://n0ppn8.jiepu.fun/sL4Gz#0rlf2442,"qr,SCPL",https://200473.xyz/7L4QQubMH
http://xv8j66.dentu.store/sL4Gz#00t0p4bp,"qr,SCPL",https://200491.xyz/DwWLj0Tu0
http://jt26n0.junte.shop/sL4Gz#v844tthr,"qr,SCPL",https://200506.xyz/2kT2CefdI
http://fn8688.maore.store/sL4Gz#hdnzz8db,"qr,SCPL",https://200588.xyz/FtsphAbet
http://r6rpd6.soure.online/sL4Gz#26xtnvf0,"qr,SCPL",https://200613.xyz/90hNavuKU
http://z0tvpf.chende.site/ak2mG#f00df2pf,"link,SDVMP",https://200688.xyz/I6gE1mYJH
https://44j2h0.zahe.site/ak2mG#xb24pxz4,"link,SDVMP",https://200793.xyz/ePOM1cbI8
https://dd6fnn.luange.shop/ak2mG#2tfz6xr4,"link,SDVMP",https://200869.xyz/5URoaDnys
http://4pr4hl.jiepu.fun/ak2mG#80604408,"link,SDVMP",https://200921.xyz/rBPdxwLym
http://tj8tl6.dentu.store/ak2mG#8h442lvt,"link,SDVMP",https://200088.xyz/3BK8wI4A4
http://0zn6d4.junte.shop/ak2mG#f6406j04,"link,SDVMP",https://200089.xyz/5SWWjdxUK
http://tb4b4h.maore.store/ak2mG#8p8lxntt,"link,SDVMP",https://200219.xyz/lrnEDg8kQ
http://tvhd04.soure.online/ak2mG#82p48ltp,"link,SDVMP",https://200288.xyz/1EL9xQq18
http://6608j8.yingpa.online/ak2mG#6x6060j8,"link,SDVMP",https://200384.xyz/NdzNtiixY
http://2p82l4.yuanza.store/ak2mG#zl44htrb,"link,SDVMP",https://200473.xyz/mdIbYDGg5
http://zn6hzr.laifu.xyz/ak2mG#h64rhz4r,"link,SDVMP",https://200491.xyz/jfYoJetIz
http://0hndtz.zongzu.online/ak2mG#8bppn286,"link,SDVMP",https://200506.xyz/ps6SKphdz
http://rvv228.xinde.online/ak2mG#dr600260,"link,SDVMP",https://200588.xyz/RX4HHPiuz
http://2t40hb.suiye.online/ak2mG#42d00d84,"link,SDVMP",https://200613.xyz/puVvgWkzY
http://jf88l2.zezi.store/ak2mG#drttp0j4,"link,SDVMP",https://200688.xyz/DJXLfm7tk
http://8pt88j.haimo.online/ak2mG#8r2pdrlb,"link,SDVMP",https://200793.xyz/HSwuiNJW6
http://4td28f.chende.site/ak2mG#trh06jl8,"link,SDVMP",https://200869.xyz/W3WWxDiw2
https://p82022.zahe.site/ak2mG#0jl8x02v,"link,SDVMP",https://200921.xyz/JXiVezOTh
https://0hjd44.luange.shop/ak2mG#r6hhv20r,"link,SDVMP",https://200088.xyz/pybTX4oJi
http://2lhlj2.jiepu.fun/ak2mG#0zj2t00d,"link,SDVMP",https://200089.xyz/VW93iAHjI
http://tz0d8n.dentu.store/ak2mG#pb4x2x48,"link,SDVMP",https://200219.xyz/uNqF6Fod7
http://2rp8n6.junte.shop/ak2mG#zrxdx2hh,"link,SDVMP",https://200288.xyz/GIFHgq9Mg
http://f8b2r4.maore.store/ak2mG#248lrbh2,"link,SDVMP",https://200384.xyz/c85N59Z1M
http://jz4bvl.soure.online/ak2mG#864624hz,"link,SDVMP",https://200473.xyz/yNaXvoO8M
http://ntrph0.yingpa.online/ak2mG#v44j2h00,"link,SDVMP",https://200491.xyz/NP2cBocZL
http://446v06.yuanza.store/ak2mG#p8n04248,"link,SDVMP",https://200506.xyz/kX6TDqyL7
http://rb2nvr.laifu.xyz/ak2mG#422vhtzx,"link,SDVMP",https://200588.xyz/pilna2G9X
http://4p8jfd.zongzu.online/ak2mG#f4404jrd,"link,SDVMP",https://200613.xyz/VMevyH1FM
http://fvdv26.xinde.online/ak2mG#2x2684zn,"qr,SDVMP",https://200688.xyz/GKmLXNYGu
http://0d622d.suiye.online/ak2mG#b42prtnn,"qr,SDVMP",https://200793.xyz/oayB791bi
http://02d8r8.zezi.store/ak2mG#ff0pj40j,"qr,SDVMP",https://200869.xyz/6fwaN1Kwp
http://l8znf4.haimo.online/ak2mG#4nj2hp22,"qr,SDVMP",https://200921.xyz/5NxIdSLr6
http://jhjvt8.chende.site/ak2mG#p2dx826d,"qr,SDVMP",https://200088.xyz/Hw76GmVc2
https://nt8n68.zahe.site/ak2mG#ff402fbh,"qr,SDVMP",https://200089.xyz/x9Uk3JDaZ
https://0404j0.luange.shop/ak2mG#2808zh42,"qr,SDVMP",https://200219.xyz/SCYhiK41p
http://02jhvz.jiepu.fun/ak2mG#6zfj0284,"qr,SDVMP",https://200288.xyz/VKf68Dbbx
http://f806j2.dentu.store/ak2mG#n44tj6l4,"qr,SDVMP",https://200384.xyz/QpEsqxGup
http://6vbl2t.junte.shop/ak2mG#8v0j6b86,"qr,SDVMP",https://200473.xyz/kP6seoLxw
http://jdhjl0.maore.store/ak2mG#0vxh6462,"qr,SDVMP",https://200491.xyz/wTX2Jg4sW
http://204jf2.soure.online/ak2mG#hnhbddpj,"qr,SDVMP",https://200506.xyz/75s5h2xa9
http://p64028.chende.site/6gWEW#jt4402pt,"link,vlc",https://200588.xyz/J9fcxkKDa
https://00p4lz.zahe.site/6gWEW#j8d46z02,"link,vlc",https://200613.xyz/0SEEL8CjB
https://rb68dx.luange.shop/6gWEW#ppnjz4dx,"link,vlc",https://200688.xyz/3qD3RGl2J
http://jbj264.jiepu.fun/6gWEW#6448tvv4,"link,vlc",https://200793.xyz/JhnKjypQw
http://d4l22t.dentu.store/6gWEW#0ltzxz8v,"link,vlc",https://200869.xyz/miFrz51Bg
http://t40260.junte.shop/6gWEW#48f2nv2r,"link,vlc",https://200921.xyz/haLf6FpHA
http://n2ltnj.maore.store/6gWEW#6rv64f04,"link,vlc",https://200088.xyz/dV1tswgH9
http://n0j6fd.soure.online/6gWEW#6t0l464p,"link,vlc",https://200089.xyz/mbDqgRcAH
http://d2lrll.yingpa.online/6gWEW#r0dhh6l8,"link,vlc",https://200219.xyz/ydSYYfISc
http://86trt8.yuanza.store/6gWEW#0fx8tn02,"link,vlc",https://200288.xyz/xE2j16BXR
http://xj6vnr.laifu.xyz/6gWEW#0n08pp62,"link,vlc",https://200384.xyz/363iXGMqE
http://j6b4x8.zongzu.online/6gWEW#6vh460z4,"link,vlc",https://200473.xyz/M4bgLGgyp
http://n0tp8t.xinde.online/6gWEW#nvf64tz2,"link,vlc",https://200491.xyz/xCNluokOQ
http://x6r46j.suiye.online/6gWEW#tdnz6x2p,"link,vlc",https://200506.xyz/dEYcDSAzL
http://l6f82f.zezi.store/6gWEW#00l0z620,"link,vlc",https://200588.xyz/xsrQLBIR2
http://048202.haimo.online/6gWEW#r6vp822d,"link,vlc",https://200613.xyz/E1qODShIC
http://rl44b0.chende.site/6gWEW#d46xhnl2,"link,vlc",https://200688.xyz/hfz8WkU1s
https://l4066l.zahe.site/6gWEW#z28nzxtr,"link,vlc",https://200793.xyz/IEwiKTeAO
https://4480jd.luange.shop/6gWEW#lpt200v0,"link,vlc",https://200869.xyz/lI8YxLr5I
http://6t40np.jiepu.fun/6gWEW#48408jr0,"link,vlc",https://200921.xyz/qezvRpzHL
http://p62z6n.dentu.store/6gWEW#48dxp40b,"link,vlc",https://200088.xyz/5lY3RfJIm
http://p0v20p.junte.shop/6gWEW#hh28dx08,"link,vlc",https://200089.xyz/WzulE7KXb
http://82l4v8.maore.store/6gWEW#8b824jf6,"link,vlc",https://200219.xyz/TtyrODclv
http://408p8v.soure.online/6gWEW#x06zh2fn,"link,vlc",https://200288.xyz/Q8bVk6Vma
http://t664nh.yingpa.online/6gWEW#njb6x2lv,"link,vlc",https://200384.xyz/DU7uI7dZw
http://jxtld4.yuanza.store/6gWEW#jbfp08t6,"link,vlc",https://200473.xyz/JpkQsJaNx
http://bj2hpr.laifu.xyz/6gWEW#0dz28v6l,"link,vlc",https://200491.xyz/flaBjPzNf
http://688b80.zongzu.online/6gWEW#26pvn2lv,"link,vlc",https://200506.xyz/zV07nKsPY
http://t2xf44.xinde.online/6gWEW#tfzvdtdf,"qr,vlc",https://200588.xyz/MV7WZlwpI
http://z6v222.suiye.online/6gWEW#0xxh6608,"qr,vlc",https://200613.xyz/LqpbCyD28
http://6hbn82.zezi.store/6gWEW#f6844tfr,"qr,vlc",https://200688.xyz/EsP8ntOQQ
http://8xjllp.haimo.online/6gWEW#28t28h0x,"qr,vlc",https://200793.xyz/7nT5k28xq
http://h0r28x.chende.site/6gWEW#4p8n44ff,"qr,vlc",https://200869.xyz/p3hvFsNCN
https://dl00xd.zahe.site/6gWEW#4hfz04l8,"qr,vlc",https://200921.xyz/GW8tRVhVB
https://68t04r.luange.shop/6gWEW#4d8hz4tb,"qr,vlc",https://200088.xyz/3CT74rn8o
http://hll20h.jiepu.fun/6gWEW#nbzv284v,"qr,vlc",https://200089.xyz/crO29wVA7
http://hf8262.dentu.store/6gWEW#22tl62v8,"qr,vlc",https://200219.xyz/8Bb0nSefQ
http://f24b2d.junte.shop/6gWEW#bnd8jfpx,"qr,vlc",https://200288.xyz/qWh8rsHvI
http://b2hj00.maore.store/6gWEW#88r4hr04,"qr,vlc",https://200384.xyz/tJmdlOx6y
http://rt68d6.soure.online/6gWEW#b06bbj2l,"qr,vlc",https://200473.xyz/gupty05E1
http://0z4644.chende.site/eHiwH#v64tp40d,"link,webGJW",https://200491.xyz/J0toV5Eps
https://xlf0p0.zahe.site/eHiwH#nl4fz460,"link,webGJW",https://200506.xyz/DoN799HUW
https://fh0x2h.luange.shop/eHiwH#480t4486,"link,webGJW",https://200588.xyz/kZIhj37Fd
http://820x04.jiepu.fun/eHiwH#hd80xlr6,"link,webGJW",https://200613.xyz/atRypqZ0z
http://8v0d2t.dentu.store/eHiwH#p6rjbj2r,"link,webGJW",https://200688.xyz/pqRUbboNV
http://btx0zb.junte.shop/eHiwH#480lx62b,"link,webGJW",https://200793.xyz/X6Bqc9IoT
http://zvp802.maore.store/eHiwH#460b860f,"link,webGJW",https://200869.xyz/y6adfOMX8
http://d420lb.soure.online/eHiwH#0pjt66v6,"link,webGJW",https://200921.xyz/2h8aeae0g
http://6686l0.yingpa.online/eHiwH#628tn28f,"link,webGJW",https://200088.xyz/WnWHATPA0
http://v68zn4.yuanza.store/eHiwH#rzh4h0b2,"link,webGJW",https://200089.xyz/n018mHYua
http://f8j2h2.laifu.xyz/eHiwH#n44xh84p,"link,webGJW",https://200219.xyz/su0KD4pQT
http://v88006.zongzu.online/eHiwH#60hbv8lh,"link,webGJW",https://200288.xyz/3BB4cUkUW
http://d4tv02.xinde.online/eHiwH#6n0d20f2,"link,webGJW",https://200384.xyz/bjIGvbUmJ
http://h42080.suiye.online/eHiwH#b46f444p,"link,webGJW",https://200473.xyz/2oSzOtMeJ
http://drz2vr.zezi.store/eHiwH#4fb4jb0z,"link,webGJW",https://200491.xyz/gbr5yEDY2
http://b84x00.haimo.online/eHiwH#6f2xr0n4,"link,webGJW",https://200506.xyz/827d87OU9
http://f2d6hl.chende.site/eHiwH#x4846lzh,"link,webGJW",https://200588.xyz/4YmQoH2ok
https://20t28t.zahe.site/eHiwH#t8tn46xl,"link,webGJW",https://200613.xyz/l1MNpouuh
https://bppttv.luange.shop/eHiwH#zxv80ptp,"link,webGJW",https://200688.xyz/oeKMfVhdy
http://2n84jr.jiepu.fun/eHiwH#z06422jx,"link,webGJW",https://200793.xyz/IazrNdxLI
http://6ht40r.dentu.store/eHiwH#8422bb6j,"link,webGJW",https://200869.xyz/mxKmgg7rD
http://xr48r0.junte.shop/eHiwH#b80l40fx,"link,webGJW",https://200921.xyz/k9t9gXYZL
http://dx22d8.maore.store/eHiwH#f20vh28v,"link,webGJW",https://200088.xyz/gRRSU7b25
http://488tpt.soure.online/eHiwH#dnr6d4r6,"link,webGJW",https://200089.xyz/O5itdyc6L
http://222pn2.yingpa.online/eHiwH#f646f604,"link,webGJW",https://200219.xyz/uGPEjlpoY
http://6p02v8.yuanza.store/eHiwH#n42tf2h8,"link,webGJW",https://200288.xyz/QaPpwWynb
http://x4z6n8.laifu.xyz/eHiwH#lld0l606,"link,webGJW",https://200384.xyz/Nrcl7FFMj
http://48f846.zongzu.online/eHiwH#224862bv,"link,webGJW",https://200473.xyz/HvWZvpr3P
http://fn8f44.xinde.online/eHiwH#06bnbfb4,"qr,webGJW",https://200491.xyz/mDI5lSTRA
http://fj8064.suiye.online/eHiwH#8486pn8f,"qr,webGJW",https://200506.xyz/qBrnu10ez
http://n8h6n2.zezi.store/eHiwH#2lbn2tlh,"qr,webGJW",https://200588.xyz/PDVfjFVaS
http://8h4b66.haimo.online/eHiwH#h4d666dx,"qr,webGJW",https://200613.xyz/4DsPqIsau
http://0dd24d.chende.site/eHiwH#d426hp2r,"qr,webGJW",https://200688.xyz/F1XhapEjp
https://t208zl.zahe.site/eHiwH#x2v6d0dn,"qr,webGJW",https://200793.xyz/Ql4l484iE
https://804zfd.luange.shop/eHiwH#8466262r,"qr,webGJW",https://200869.xyz/cVgkcP3er
http://0fj4j4.jiepu.fun/eHiwH#h8tp4l8j,"qr,webGJW",https://200921.xyz/QEIZPR4pE
http://tb2864.dentu.store/eHiwH#lhh66bv6,"qr,webGJW",https://200088.xyz/Ei0COG2Is
http://przhp8.junte.shop/eHiwH#hp22vh08,"qr,webGJW",https://200089.xyz/Sa9SJPhRw
http://82682v.maore.store/eHiwH#4622j660,"qr,webGJW",https://200219.xyz/jhRHL4orJ
http://0rtv6d.soure.online/eHiwH#846lx0f6,"qr,webGJW",https://200288.xyz/dk7kiGpr6
https://github.com/19920513/djy/blob/master/gb/nf1351518.md?p224h#1,"link,webDKN",https://200384.xyz/wmFz1ouKJ
https://github.com/19920513/djy/blob/master/gb/nf1351518.md?424lb#1,"link,webDKN",https://200473.xyz/qEeCLN46b
https://github.com/19920513/djy/blob/master/gb/nf1351518.md?v00fp#1,"link,webDKN",https://200491.xyz/Q6i3VMwuy
https://github.com/19920513/djy/blob/master/gb/nf1351518.md?0240v#1,"link,webDKN",https://200506.xyz/bv90grar6
https://github.com/19920513/djy/blob/master/gb/nf1351518.md?v2j02#1,"link,webDKN",https://200588.xyz/tNg8WoMe5
https://github.com/19920513/djy/blob/master/gb/nf1351518.md?jbz44#1,"link,webDKN",https://200613.xyz/pQ4ir7NVy
https://github.com/19920513/djy/blob/master/gb/nf1351518.md?n024l#1,"link,webDKN",https://200688.xyz/D1KS7QQko
https://github.com/19920513/djy/blob/master/gb/nf1351518.md?tp4tp#1,"link,webDKN",https://200793.xyz/Qrx7ynrq1
https://github.com/19920513/djy/blob/master/gb/nf1351518.md?lzlrv#1,"link,webDKN",https://200869.xyz/hOTr5Nxs8
https://github.com/19920513/djy/blob/master/gb/nf1351518.md?468z0#1,"link,webDKN",https://200921.xyz/BIlOfisU8
https://github.com/19920513/djy/blob/master/gb/nf1351518.md?0h22x#1,"link,webDKN",https://200088.xyz/e5xasw2TK
https://github.com/19920513/djy/blob/master/gb/nf1351518.md?60224#1,"link,webDKN",https://200089.xyz/vrS2cdxgo
https://github.com/19920513/djy/blob/master/gb/nf1351518.md?tz86z#1,"link,webDKN",https://200219.xyz/RmlvaDYLf
https://github.com/19920513/djy/blob/master/gb/nf1351518.md?86rxl#1,"link,webDKN",https://200288.xyz/Op0GMzIKK
https://github.com/19920513/djy/blob/master/gb/nf1351518.md?v220z#1,"link,webDKN",https://200384.xyz/mBcY4Z6Uz
https://github.com/19920513/djy/blob/master/gb/nf1351518.md?64428#1,"link,webDKN",https://200473.xyz/iBWzfSZhW
https://github.com/19920513/djy/blob/master/gb/nf1351518.md?2bpzl#1,"link,webDKN",https://200491.xyz/rA3ZnlRuB
https://github.com/19920513/djy/blob/master/gb/nf1351518.md?2680l#1,"link,webDKN",https://200506.xyz/YB2hDFvT3
https://github.com/19920513/djy/blob/master/gb/nf1351518.md?466h4#1,"link,webDKN",https://200588.xyz/AttCKeJIP
https://github.com/19920513/djy/blob/master/gb/nf1351518.md?8rf4f#1,"link,webDKN",https://200613.xyz/g7nFCTr7o
https://github.com/19920513/djy/blob/master/gb/nf1351518.md?rnn80#1,"link,webDKN",https://200688.xyz/15vKKXzy4
https://github.com/19920513/djy/blob/master/gb/nf1351518.md?6t4h0#1,"link,webDKN",https://200793.xyz/SPcjvDKvC
https://github.com/19920513/djy/blob/master/gb/nf1351518.md?0x46r#1,"link,webDKN",https://200869.xyz/J8HU4blmP
https://github.com/19920513/djy/blob/master/gb/nf1351518.md?rhl04#1,"link,webDKN",https://200921.xyz/HCKXOUiXL
https://github.com/19920513/djy/blob/master/gb/nf1351518.md?4x2pf#1,"link,webDKN",https://200088.xyz/l4MNAmxgr
https://github.com/19920513/djy/blob/master/gb/nf1351518.md?v4800#1,"link,webDKN",https://200089.xyz/JypXcuP5e
https://github.com/19920513/djy/blob/master/gb/nf1351518.md?2b2j8#1,"link,webDKN",https://200219.xyz/A2gyQJEdH
https://github.com/19920513/djy/blob/master/gb/nf1351518.md?8fxrh#1,"link,webDKN",https://200288.xyz/WFaP4LWoW
https://github.com/19920513/djy/blob/master/gb/nf1351518.md?nr200#1,"qr,webDKN",https://200384.xyz/ygMPGjfHn
https://github.com/19920513/djy/blob/master/gb/nf1351518.md?02zp2#1,"qr,webDKN",https://200473.xyz/slyk5SRBf
https://github.com/19920513/djy/blob/master/gb/nf1351518.md?njd8f#1,"qr,webDKN",https://200491.xyz/v3DpYq4ZA
https://github.com/19920513/djy/blob/master/gb/nf1351518.md?j82fp#1,"qr,webDKN",https://200506.xyz/FkgZZTNcJ
https://github.com/19920513/djy/blob/master/gb/nf1351518.md?4j662#1,"qr,webDKN",https://200588.xyz/oD2sjFPa5
https://github.com/19920513/djy/blob/master/gb/nf1351518.md?pdht4#1,"qr,webDKN",https://200613.xyz/Qr82NBRsE
https://github.com/19920513/djy/blob/master/gb/nf1351518.md?x808t#1,"qr,webDKN",https://200688.xyz/W0H4fafP4
https://github.com/19920513/djy/blob/master/gb/nf1351518.md?8l82z#1,"qr,webDKN",https://200793.xyz/LoAB2s9z3
https://github.com/19920513/djy/blob/master/gb/nf1351518.md?dfd6j#1,"qr,webDKN",https://200869.xyz/Bkj7BQ1BV
https://github.com/19920513/djy/blob/master/gb/nf1351518.md?8400f#1,"qr,webDKN",https://200921.xyz/yivYPeR4q
https://github.com/19920513/djy/blob/master/gb/nf1351518.md?bndp8#1,"qr,webDKN",https://200088.xyz/DpSbsNsaM
https://github.com/19920513/djy/blob/master/gb/nf1351518.md?vv26x#1,"qr,webDKN",https://200089.xyz/aU6hqF6Yc
https://github.com/19920513/ntdtv/blob/master/gb/prog204.md?x2z06#1,"link,webNTD",https://200219.xyz/rhro2tPH3
https://github.com/19920513/ntdtv/blob/master/gb/prog204.md?p84f0#1,"link,webNTD",https://200288.xyz/8eh3N4I06
https://github.com/19920513/ntdtv/blob/master/gb/prog204.md?zvt8j#1,"link,webNTD",https://200384.xyz/lkY1MQ8JW
https://github.com/19920513/ntdtv/blob/master/gb/prog204.md?22444#1,"link,webNTD",https://200473.xyz/HLsQ1WzBg
https://github.com/19920513/ntdtv/blob/master/gb/prog204.md?68l62#1,"link,webNTD",https://200491.xyz/Ffa07NIuv
https://github.com/19920513/ntdtv/blob/master/gb/prog204.md?88hfd#1,"link,webNTD",https://200506.xyz/omecJPjDB
https://github.com/19920513/ntdtv/blob/master/gb/prog204.md?2bb64#1,"link,webNTD",https://200588.xyz/tNELARGUI
https://github.com/19920513/ntdtv/blob/master/gb/prog204.md?4286r#1,"link,webNTD",https://200613.xyz/5Zuk5Evte
https://github.com/19920513/ntdtv/blob/master/gb/prog204.md?80vb2#1,"link,webNTD",https://200688.xyz/N67ZgzqBG
https://github.com/19920513/ntdtv/blob/master/gb/prog204.md?fxrlz#1,"link,webNTD",https://200793.xyz/1AOnsouB0
https://github.com/19920513/ntdtv/blob/master/gb/prog204.md?pdb00#1,"link,webNTD",https://200869.xyz/vWk3mL86Y
https://github.com/19920513/ntdtv/blob/master/gb/prog204.md?8202b#1,"link,webNTD",https://200921.xyz/ERCDftjJS
https://github.com/19920513/ntdtv/blob/master/gb/prog204.md?z082z#1,"link,webNTD",https://200088.xyz/mm0jtQkp3
https://github.com/19920513/ntdtv/blob/master/gb/prog204.md?6phxp#1,"link,webNTD",https://200089.xyz/fXIcrKcHM
https://github.com/19920513/ntdtv/blob/master/gb/prog204.md?0j6b4#1,"link,webNTD",https://200219.xyz/ponn4BtOU
https://github.com/19920513/ntdtv/blob/master/gb/prog204.md?4442p#1,"link,webNTD",https://200288.xyz/tq3jbC4bZ
https://github.com/19920513/ntdtv/blob/master/gb/prog204.md?th442#1,"link,webNTD",https://200384.xyz/Yd50R6rCo
https://github.com/19920513/ntdtv/blob/master/gb/prog204.md?vd2xv#1,"link,webNTD",https://200473.xyz/u6LkHqF48
https://github.com/19920513/ntdtv/blob/master/gb/prog204.md?6tjxj#1,"link,webNTD",https://200491.xyz/PqIadnfEy
https://github.com/19920513/ntdtv/blob/master/gb/prog204.md?llbr2#1,"link,webNTD",https://200506.xyz/vL4FVQPRU
https://github.com/19920513/ntdtv/blob/master/gb/prog204.md?0xj24#1,"link,webNTD",https://200588.xyz/cCnUpEMnd
https://github.com/19920513/ntdtv/blob/master/gb/prog204.md?8jp0n#1,"link,webNTD",https://200613.xyz/jQXy9yzyM
https://github.com/19920513/ntdtv/blob/master/gb/prog204.md?x66dh#1,"link,webNTD",https://200688.xyz/lknmZF9Uv
https://github.com/19920513/ntdtv/blob/master/gb/prog204.md?f4r64#1,"link,webNTD",https://200793.xyz/UsoPO2tlE
https://github.com/19920513/ntdtv/blob/master/gb/prog204.md?hb2x2#1,"link,webNTD",https://200869.xyz/c8U43Kj7W
https://github.com/19920513/ntdtv/blob/master/gb/prog204.md?jn4d2#1,"link,webNTD",https://200921.xyz/iEXX2kmtc
https://github.com/19920513/ntdtv/blob/master/gb/prog204.md?v0042#1,"link,webNTD",https://200088.xyz/bnEW8KUVT
https://github.com/19920513/ntdtv/blob/master/gb/prog204.md?l82jd#1,"link,webNTD",https://200089.xyz/3v3fL6ZE9
https://github.com/19920513/ntdtv/blob/master/gb/prog204.md?0b84p#1,"qr,webNTD",https://200219.xyz/TSf1FdhMs
https://github.com/19920513/ntdtv/blob/master/gb/prog204.md?8zbdl#1,"qr,webNTD",https://200288.xyz/FaaYhm1K0
https://github.com/19920513/ntdtv/blob/master/gb/prog204.md?0n8p0#1,"qr,webNTD",https://200384.xyz/cBnRTe8vr
https://github.com/19920513/ntdtv/blob/master/gb/prog204.md?4z2t2#1,"qr,webNTD",https://200473.xyz/SYPlo0x4b
https://github.com/19920513/ntdtv/blob/master/gb/prog204.md?28x2h#1,"qr,webNTD",https://200491.xyz/E6jLMi1Da
https://github.com/19920513/ntdtv/blob/master/gb/prog204.md?2d6f2#1,"qr,webNTD",https://200506.xyz/waCEL2Gl4
https://github.com/19920513/ntdtv/blob/master/gb/prog204.md?t680v#1,"qr,webNTD",https://200588.xyz/oTnGtHX5Q
https://github.com/19920513/ntdtv/blob/master/gb/prog204.md?28jjf#1,"qr,webNTD",https://200613.xyz/PcGuBrxoy
https://github.com/19920513/ntdtv/blob/master/gb/prog204.md?2082t#1,"qr,webNTD",https://200688.xyz/svfo4EjI7
https://github.com/19920513/ntdtv/blob/master/gb/prog204.md?z4r04#1,"qr,webNTD",https://200793.xyz/khZ03dIeZ
https://github.com/19920513/ntdtv/blob/master/gb/prog204.md?2xd86#1,"qr,webNTD",https://200869.xyz/7O2hyAvBH
https://github.com/19920513/ntdtv/blob/master/gb/prog204.md?8f0r6#1,"qr,webNTD",https://200921.xyz/oTpzrzbKe
http://j00h4r.chende.site/13#04x24tjb,"link,vtl",https://200088.xyz/c6596WpZn
https://680l06.zahe.site/13#x6r2nv40,"link,vtl",https://200089.xyz/yXRkoSkKK
https://6xj88z.luange.shop/13#0dh4hrrx,"link,vtl",https://200219.xyz/UOPyMcrTA
http://62t2jv.jiepu.fun/13#68xrp662,"link,vtl",https://200288.xyz/dmbhecTM8
http://28b8v4.dentu.store/13#v42x6vv6,"link,vtl",https://200384.xyz/SOjo9WhDt
http://fj6x8v.junte.shop/13#82pz804z,"link,vtl",https://200473.xyz/xxiKropiC
http://44nt88.maore.store/13#6j4t64j0,"link,vtl",https://200491.xyz/WmntbB8Rq
http://r6xd64.soure.online/13#4hbh0808,"link,vtl",https://200506.xyz/CNK3GEkAA
http://f00p66.yingpa.online/13#4pvj60jp,"link,vtl",https://200588.xyz/AFYG0LYq2
http://bxhd24.yuanza.store/13#4hn0bzlz,"link,vtl",https://200613.xyz/ctZjwDhjs
http://hz20vp.laifu.xyz/13#nt84vvzt,"link,vtl",https://200688.xyz/cHrKAgs9i
http://264260.zongzu.online/13#26l64868,"link,vtl",https://200793.xyz/0krcnb0uK
http://lfhx2j.xinde.online/13#0d04b08n,"link,vtl",https://200869.xyz/2gyKgkMXp
http://286xb6.suiye.online/13#8tl6v8xr,"link,vtl",https://200921.xyz/VE2LLKdxy
http://bft0zn.zezi.store/13#4p002tnh,"link,vtl",https://200088.xyz/XYdRIzgEq
http://b44pj6.haimo.online/13#8888t668,"link,vtl",https://200089.xyz/DEfLnW4bR
http://j20fl0.chende.site/13#0h2b04p2,"link,vtl",https://200219.xyz/Wep088eQG
https://dv84v0.zahe.site/13#604lv62f,"link,vtl",https://200288.xyz/JXH0SuwnD
https://tr28l2.luange.shop/13#26pft2p8,"link,vtl",https://200384.xyz/RTBQqQ3aM
http://42800b.jiepu.fun/13#4txv8ppv,"link,vtl",https://200473.xyz/zWr8haGIE
http://p6rhfn.dentu.store/13#2862lbj0,"link,vtl",https://200491.xyz/1AoPJwa4n
http://00jphp.junte.shop/13#fz6np6zd,"link,vtl",https://200506.xyz/oZWuCC12m
http://x6fv6n.maore.store/13#8v40f4bf,"link,vtl",https://200588.xyz/PU1jxxbOU
http://4l8n48.soure.online/13#40zpt2r4,"link,vtl",https://200613.xyz/MGU3YheuD
http://xn240p.yingpa.online/13#44h626ll,"link,vtl",https://200688.xyz/sINTYaI0q
http://22r0dl.yuanza.store/13#44208v0f,"link,vtl",https://200793.xyz/Qg4XgTHh2
http://8dd6h2.laifu.xyz/13#4x8b84nt,"link,vtl",https://200869.xyz/b49QVuYLS
http://v0v0t6.zongzu.online/13#v24846fl,"link,vtl",https://200921.xyz/JGbP0XZ5o
http://p2ddrz.xinde.online/13#rzn44zxb,"qr,vtl",https://200088.xyz/QexTqv2cu
http://j0h646.suiye.online/13#p06x2204,"qr,vtl",https://200089.xyz/4aekC78F7
http://82hx22.zezi.store/13#0d048606,"qr,vtl",https://200219.xyz/jECN4Bzr8
http://4n2x04.haimo.online/13#v482ltf6,"qr,vtl",https://200288.xyz/hbC5OZPBg
http://l82408.chende.site/13#68z60t2f,"qr,vtl",https://200384.xyz/4ilP1iSjr
https://h40vvx.zahe.site/13#8vn2v0pf,"qr,vtl",https://200473.xyz/JBt5WhPQm
https://24lx64.luange.shop/13#640hfvn6,"qr,vtl",https://200491.xyz/x5lrRRNGs
http://2264h4.jiepu.fun/13#06l6jf6z,"qr,vtl",https://200506.xyz/KDdHiS2OB
http://bz826p.dentu.store/13#64z68vz8,"qr,vtl",https://200588.xyz/XXDgx5DxG
http://04v2r2.junte.shop/13#4trnd2p6,"qr,vtl",https://200613.xyz/cEz3Kc0Jn
http://8d6hhx.maore.store/13#prtvdx80,"qr,vtl",https://200688.xyz/y27wSVOve
http://zffd24.soure.online/13#6xd6p0zd,"qr,vtl",https://200793.xyz/aWlTy7NIt
http://64f2j0.chende.site/SptVE#662hhbjd,"link,webDTN",https://200869.xyz/iti49i9y3
https://6j200v.zahe.site/SptVE#b602tp22,"link,webDTN",https://200921.xyz/HV9KRPppl
https://4bffl2.luange.shop/SptVE#4242026x,"link,webDTN",https://200088.xyz/D4hgTMZDY
http://x0646r.jiepu.fun/SptVE#8z8h48hz,"link,webDTN",https://200089.xyz/WHgYWykpg
http://0hv06d.dentu.store/SptVE#2jf0lhn2,"link,webDTN",https://200219.xyz/q93lUkTCy
http://262vp6.junte.shop/SptVE#288z2nn2,"link,webDTN",https://200288.xyz/O78LBwDCk
http://48n4j6.maore.store/SptVE#868b8j00,"link,webDTN",https://200384.xyz/59e81wsBQ
http://hz0v00.soure.online/SptVE#nl2t4zdp,"link,webDTN",https://200473.xyz/f1COLnnWX
http://v0h4x2.yingpa.online/SptVE#ll0jz468,"link,webDTN",https://200491.xyz/CAQOf0mcg
http://n08hrj.yuanza.store/SptVE#44t4pp08,"link,webDTN",https://200506.xyz/OGkw4jLJH
http://26864v.laifu.xyz/SptVE#2246l4z4,"link,webDTN",https://200588.xyz/CT0RgzQXI
http://pv2lt8.zongzu.online/SptVE#xzbl00lb,"link,webDTN",https://200613.xyz/SxNoYbI4h
http://48l44t.xinde.online/SptVE#822tx2zt,"link,webDTN",https://200688.xyz/2cYzZCbDp
http://64bfnx.suiye.online/SptVE#88jj6rh2,"link,webDTN",https://200793.xyz/A56WeYqhe
http://f0x0v6.zezi.store/SptVE#80420bxf,"link,webDTN",https://200869.xyz/JCZvbsxIK
http://xzxbd4.haimo.online/SptVE#l6t0df8x,"link,webDTN",https://200921.xyz/GxyWVp2Tv
http://6z6b46.chende.site/SptVE#6tf842tl,"link,webDTN",https://200088.xyz/xwgISopX7
https://2j4ftb.zahe.site/SptVE#6682f4xl,"link,webDTN",https://200089.xyz/56ZhY2njq
https://pf2dzb.luange.shop/SptVE#2xt00dj6,"link,webDTN",https://200219.xyz/T0p76kvn4
http://6dz684.jiepu.fun/SptVE#h84fpr84,"link,webDTN",https://200288.xyz/0s7E9Xrci
http://b8p648.dentu.store/SptVE#xz2bv88z,"link,webDTN",https://200384.xyz/GOf3xK0A5
http://h2084p.junte.shop/SptVE#x0t2n426,"link,webDTN",https://200473.xyz/x35E8Jo9p
http://202426.maore.store/SptVE#084fft0h,"link,webDTN",https://200491.xyz/0Z2YRHhYF
http://ph08nv.soure.online/SptVE#vfr2z286,"link,webDTN",https://200506.xyz/RAYxV0poG
http://zhdnf8.yingpa.online/SptVE#4b4rvhlb,"link,webDTN",https://200588.xyz/WKr2g86Dr
http://2n028l.yuanza.store/SptVE#p8hb08zb,"link,webDTN",https://200613.xyz/vchqTzgvr
http://bpz28b.laifu.xyz/SptVE#j0r40zl8,"link,webDTN",https://200688.xyz/wWSZY8Lxt
http://dj4nb2.zongzu.online/SptVE#48rb2hvt,"link,webDTN",https://200793.xyz/flOHIWhbM
http://ttjv6x.xinde.online/SptVE#jz4hz2h6,"qr,webDTN",https://200869.xyz/QzsbqXwav
http://640hjr.suiye.online/SptVE#z24600n0,"qr,webDTN",https://200921.xyz/l29z50iq7
http://82lj4v.zezi.store/SptVE#pt4xp20r,"qr,webDTN",https://200088.xyz/XxlGb1vpy
http://620t42.haimo.online/SptVE#f688pxnz,"qr,webDTN",https://200089.xyz/E94X2YFsu
http://l46pvp.chende.site/SptVE#vzj4p2l0,"qr,webDTN",https://200219.xyz/b4nBaJoWK
https://26njrb.zahe.site/SptVE#808n6268,"qr,webDTN",https://200288.xyz/BSJzTsg1v
https://0l2h8l.luange.shop/SptVE#08826ln8,"qr,webDTN",https://200384.xyz/qERX2zZEW
http://jn4b04.jiepu.fun/SptVE#204p2f2v,"qr,webDTN",https://200473.xyz/GmbUBJvEh
http://p804jx.dentu.store/SptVE#2828v046,"qr,webDTN",https://200491.xyz/WwroLBw5J
http://xn6fzt.junte.shop/SptVE#x06260d8,"qr,webDTN",https://200506.xyz/PYXO3c4kw
http://0b4rvv.maore.store/SptVE#4tfzlrxl,"qr,webDTN",https://200588.xyz/QdxeBHhKm
http://r6nr88.soure.online/SptVE#xx6td082,"qr,webDTN",https://200613.xyz/Dwbxkqn12
http://8zrv4z.chende.site/HTkic#dx4f8fp6,"link,KTQ",https://200688.xyz/x3hnSb0m1
https://884l8j.zahe.site/HTkic#20lj0z62,"link,KTQ",https://200793.xyz/aJklOW0Wd
https://06t88b.luange.shop/HTkic#82402808,"link,KTQ",https://200869.xyz/Rn9BeFQXU
http://hdz860.jiepu.fun/HTkic#xhjbhl4x,"link,KTQ",https://200921.xyz/d0IaBUpRs
http://220468.dentu.store/HTkic#06d6p406,"link,KTQ",https://200088.xyz/KsgzNpC1h
http://6t2666.junte.shop/HTkic#8x0xr624,"link,KTQ",https://200089.xyz/HKJgAIeQB
http://n06046.maore.store/HTkic#x886txfv,"link,KTQ",https://200219.xyz/lYiuPJTPK
http://v60lhf.soure.online/HTkic#l6fv2028,"link,KTQ",https://200288.xyz/HwzPksYTk
http://nbp0lr.yingpa.online/HTkic#ldr24p08,"link,KTQ",https://200384.xyz/mqFhvKvGN
http://2bf604.yuanza.store/HTkic#8fzx6j00,"link,KTQ",https://200473.xyz/lEozEaThy
http://220rz6.laifu.xyz/HTkic#8vxhdz24,"link,KTQ",https://200491.xyz/6ItaPvXRo
http://006h2l.zongzu.online/HTkic#fd002xt8,"link,KTQ",https://200506.xyz/KIrxKfFlV
http://dlj02p.xinde.online/HTkic#8864rz06,"link,KTQ",https://200588.xyz/XtYk6TTIV
http://r26b2n.suiye.online/HTkic#p46d8tnj,"link,KTQ",https://200613.xyz/94IcifHvQ
http://dv4pp4.zezi.store/HTkic#84t8lt8z,"link,KTQ",https://200688.xyz/vN5Q4w6Ig
http://hz44v0.haimo.online/HTkic#f0rhfv82,"link,KTQ",https://200793.xyz/KctKqu5p8
http://4t2j28.chende.site/HTkic#6z688v0b,"link,KTQ",https://200869.xyz/vfbl1MgeZ
https://8fzzl2.zahe.site/HTkic#fp2f0n8r,"link,KTQ",https://200921.xyz/z2GPcvYVR
https://608r60.luange.shop/HTkic#dx0x24nr,"link,KTQ",https://200088.xyz/4He8o1Efl
http://0vj0vp.jiepu.fun/HTkic#jzj206dn,"link,KTQ",https://200089.xyz/Md3oGFefp
http://6048x4.dentu.store/HTkic#2l028frt,"link,KTQ",https://200219.xyz/ZrZCQEKRS
http://4d8dfd.junte.shop/HTkic#6x440488,"link,KTQ",https://200288.xyz/L0TW7CKai
http://lxhdr2.maore.store/HTkic#20bnj06z,"link,KTQ",https://200384.xyz/8WP8IUYxC
http://0jdb46.soure.online/HTkic#b4x40vt8,"link,KTQ",https://200473.xyz/uCmexn0Rg
http://xrv24v.yingpa.online/HTkic#dzvhhp28,"link,KTQ",https://200491.xyz/98wYwtSgS
http://d06dr8.yuanza.store/HTkic#00p64262,"link,KTQ",https://200506.xyz/bYW2JyaJr
http://r46zf8.laifu.xyz/HTkic#j4bntfhp,"link,KTQ",https://200588.xyz/F4bzVV6kY
http://t26j4v.zongzu.online/HTkic#p4bfn6pf,"link,KTQ",https://200613.xyz/MfsavGBUE
http://b42nz6.xinde.online/HTkic#t84jjx46,"qr,KTQ",https://200688.xyz/2xTdARr30
http://vb2b4d.suiye.online/HTkic#6028zzt2,"qr,KTQ",https://200793.xyz/UpVffrTXy
http://6686bt.zezi.store/HTkic#6v608z00,"qr,KTQ",https://200869.xyz/0m2Krw3D8
http://b20624.haimo.online/HTkic#0hjllrjb,"qr,KTQ",https://200921.xyz/RbfVMIpp7
http://d408fv.chende.site/HTkic#zrj0t60b,"qr,KTQ",https://200088.xyz/narXDu2C7
https://22l80f.zahe.site/HTkic#04zf2t68,"qr,KTQ",https://200089.xyz/8OONBgRio
https://6l8248.luange.shop/HTkic#p26nn22j,"qr,KTQ",https://200219.xyz/e4ybI6aFq
http://b08n4f.jiepu.fun/HTkic#dp0288fj,"qr,KTQ",https://200288.xyz/w2Uoj0hj7
http://dvjjl8.dentu.store/HTkic#r86pl4pf,"qr,KTQ",https://200384.xyz/2EmqSJqzC
http://0248tv.junte.shop/HTkic#80phbz6l,"qr,KTQ",https://200473.xyz/0f5nkAspp
http://64ldz0.maore.store/HTkic#pnr2t64x,"qr,KTQ",https://200491.xyz/FisTG9U5h
http://j8dpvl.soure.online/HTkic#zb04pfjv,"qr,KTQ",https://200506.xyz/rznYlrRE0
http://866z46.chende.site/tpbEK#h06p0040,"link,VSCNL",https://200588.xyz/dD5kNJgSA
https://vj2l20.zahe.site/tpbEK#0pd628xv,"link,VSCNL",https://200613.xyz/rP9hqVhL5
https://864624.luange.shop/tpbEK#vbzvfp6d,"link,VSCNL",https://200688.xyz/vkAQAiNNt
http://fvhvrz.jiepu.fun/tpbEK#vrt6n408,"link,VSCNL",https://200793.xyz/bJwRxpKcB
http://6v2r6z.dentu.store/tpbEK#0z4xbbr8,"link,VSCNL",https://200869.xyz/X0NScorYW
http://66prv8.junte.shop/tpbEK#6j4l426p,"link,VSCNL",https://200921.xyz/RyaCQ6hT9
http://62204v.maore.store/tpbEK#66zjf2b4,"link,VSCNL",https://200088.xyz/kPziA2wo9
http://208r0x.soure.online/tpbEK#8pjjn8t8,"link,VSCNL",https://200089.xyz/nfSEWhhbx
http://t6f6f2.yingpa.online/tpbEK#d682t620,"link,VSCNL",https://200219.xyz/7b6EYnmZ6
http://2db800.yuanza.store/tpbEK#v2r6j602,"link,VSCNL",https://200288.xyz/x5eholhHL
http://2vp8hv.laifu.xyz/tpbEK#6z6n04rl,"link,VSCNL",https://200384.xyz/W7TXrcmau
http://4r4r6x.zongzu.online/tpbEK#8x8rj4d4,"link,VSCNL",https://200473.xyz/4UfQIDgsv
http://48t0f8.xinde.online/tpbEK#d0xb0hx0,"link,VSCNL",https://200491.xyz/iFCWLsMgo
http://82440t.suiye.online/tpbEK#206844xn,"link,VSCNL",https://200506.xyz/hERRcGEhS
http://v0b68n.zezi.store/tpbEK#8h0b02fh,"link,VSCNL",https://200588.xyz/3KtUQaJUt
http://0606lv.haimo.online/tpbEK#6xlf6dv0,"link,VSCNL",https://200613.xyz/pVqZd8krq
http://84b8d0.chende.site/tpbEK#ll4rn224,"link,VSCNL",https://200688.xyz/zloLpUzqi
https://dhd4df.zahe.site/tpbEK#8j6l2zl6,"link,VSCNL",https://200793.xyz/Qo5bXk788
https://f8222z.luange.shop/tpbEK#r4d8v6l0,"link,VSCNL",https://200869.xyz/LYTzuPapI
http://46hp00.jiepu.fun/tpbEK#6prljf2r,"link,VSCNL",https://200921.xyz/oxWElKfRs
http://0vt6xx.dentu.store/tpbEK#r08040f2,"link,VSCNL",https://200088.xyz/zRwij5UDw
http://h24x24.junte.shop/tpbEK#4bxxf68l,"link,VSCNL",https://200089.xyz/XdBEMVWfR
http://f2bf00.maore.store/tpbEK#646tntp2,"link,VSCNL",https://200219.xyz/8nJVecDq0
http://6x840t.soure.online/tpbEK#dd62df0j,"link,VSCNL",https://200288.xyz/66rtkf7wE
http://xj68fz.yingpa.online/tpbEK#v2h6tlnl,"link,VSCNL",https://200384.xyz/RSXztGIbh
http://6xdltp.yuanza.store/tpbEK#r0bnd842,"link,VSCNL",https://200473.xyz/AEG15MJAq
http://2t004p.laifu.xyz/tpbEK#n2j4d84l,"link,VSCNL",https://200491.xyz/eR8o2htLV
http://02lv6z.zongzu.online/tpbEK#24nj2rd2,"link,VSCNL",https://200506.xyz/nvAp5xjgL
http://l6t86x.xinde.online/tpbEK#4bpj2pz6,"qr,VSCNL",https://200588.xyz/krkl309m2
http://4dh2f4.suiye.online/tpbEK#zfb02z64,"qr,VSCNL",https://200613.xyz/ZecPUZt8h
http://v448z8.zezi.store/tpbEK#r6pfnffp,"qr,VSCNL",https://200688.xyz/H2gFi7BPy
http://t8v226.haimo.online/tpbEK#0z82j4l8,"qr,VSCNL",https://200793.xyz/b1kID1Nfn
http://22r6jh.chende.site/tpbEK#n20b248b,"qr,VSCNL",https://200869.xyz/1FuQlJQDV
https://4202zz.zahe.site/tpbEK#048tttnf,"qr,VSCNL",https://200921.xyz/wX9NsRHl3
https://nbd8rf.luange.shop/tpbEK#zj46xx8l,"qr,VSCNL",https://200088.xyz/LQOhyZwU4
http://xdj20r.jiepu.fun/tpbEK#4f8840f2,"qr,VSCNL",https://200089.xyz/ygIylngrC
http://n860p0.dentu.store/tpbEK#48vnjvh8,"qr,VSCNL",https://200219.xyz/UJWzWFePn
http://6z2608.junte.shop/tpbEK#4rt26tr4,"qr,VSCNL",https://200288.xyz/6ZraMJ8CD
http://h0fd2l.maore.store/tpbEK#t42h648r,"qr,VSCNL",https://200384.xyz/CpunsfAfW
http://4tb4t6.soure.online/tpbEK#rrz8hn68,"qr,VSCNL",https://200473.xyz/O7hPsliT8
http://4xn66z.chende.site/p7YJg#44000r06,"link,VSCPCDCS",https://200491.xyz/CR3CJ1wRO
https://txv8d6.zahe.site/p7YJg#ftn4b8jv,"link,VSCPCDCS",https://200506.xyz/hoqvWaQu4
https://b4bxhb.luange.shop/p7YJg#4fht2lp2,"link,VSCPCDCS",https://200588.xyz/CIe8YQK51
http://04lj84.jiepu.fun/p7YJg#8p08x08j,"link,VSCPCDCS",https://200613.xyz/zWsybdF21
http://20rzl6.dentu.store/p7YJg#0n6n600p,"link,VSCPCDCS",https://200688.xyz/uKaptQPBD
http://46rfj8.junte.shop/p7YJg#l22xr2pd,"link,VSCPCDCS",https://200793.xyz/e1R6fWJLB
http://thd8n4.maore.store/p7YJg#fftzx802,"link,VSCPCDCS",https://200869.xyz/WmTN1jRXu
http://8dbxf4.soure.online/p7YJg#2t4j2phf,"link,VSCPCDCS",https://200921.xyz/VFSzevNG8
http://ff46r6.yingpa.online/p7YJg#28j406px,"link,VSCPCDCS",https://200088.xyz/l8g2FGKXN
http://b0bn6f.yuanza.store/p7YJg#p08842nr,"link,VSCPCDCS",https://200089.xyz/HIPhcm94h
http://z88lll.laifu.xyz/p7YJg#xbhtb82n,"link,VSCPCDCS",https://200219.xyz/P1cfOkAVN
http://n82r0p.zongzu.online/p7YJg#x20pj8p4,"link,VSCPCDCS",https://200288.xyz/GOO7KVpKB
http://0n804p.xinde.online/p7YJg#jlr468n0,"link,VSCPCDCS",https://200384.xyz/4UtmNftN0
http://r66fn6.suiye.online/p7YJg#686f84f6,"link,VSCPCDCS",https://200473.xyz/d5pC7Hqyi
http://rf6hl8.zezi.store/p7YJg#xhx8v48j,"link,VSCPCDCS",https://200491.xyz/94epMlhZI
http://448z4l.haimo.online/p7YJg#6684jv42,"link,VSCPCDCS",https://200506.xyz/x4D4kHwd0
http://jf6x00.chende.site/p7YJg#08ln6020,"link,VSCPCDCS",https://200588.xyz/iPlC6ksXy
https://dn2hr6.zahe.site/p7YJg#0x2l0dt6,"link,VSCPCDCS",https://200613.xyz/KjvVC0iYm
https://l08ltv.luange.shop/p7YJg#4f880j2h,"link,VSCPCDCS",https://200688.xyz/aZXlbcKPV
http://thb0z0.jiepu.fun/p7YJg#bt4f00tr,"link,VSCPCDCS",https://200793.xyz/47MUQakZx
http://4z0ff2.dentu.store/p7YJg#2xt22x06,"link,VSCPCDCS",https://200869.xyz/wlRB71BMH
http://0204xp.junte.shop/p7YJg#04l2nn0b,"link,VSCPCDCS",https://200921.xyz/7PoHtRssj
http://2fh2l6.maore.store/p7YJg#zb40t0f4,"link,VSCPCDCS",https://200088.xyz/folhuSJhq
http://lh208r.soure.online/p7YJg#pz46ld26,"link,VSCPCDCS",https://200089.xyz/yLbOr034e
http://662vtd.yingpa.online/p7YJg#0db6j6b0,"link,VSCPCDCS",https://200219.xyz/i8hAKOjX2
http://bx4jvl.yuanza.store/p7YJg#6ppl86bh,"link,VSCPCDCS",https://200288.xyz/xFWsBamkT
http://zn00h2.laifu.xyz/p7YJg#84fr0j8n,"link,VSCPCDCS",https://200384.xyz/gNWM392lo
http://rn2vj6.zongzu.online/p7YJg#r8tpf8b0,"link,VSCPCDCS",https://200473.xyz/b0wS6gBF4
http://6l822b.xinde.online/p7YJg#z8v4z2v2,"qr,VSCPCDCS",https://200491.xyz/mbrvi3vmA
http://bhzpt2.suiye.online/p7YJg#2h660x02,"qr,VSCPCDCS",https://200506.xyz/Ec00TE5ms
http://v044r4.zezi.store/p7YJg#jnx88t8b,"qr,VSCPCDCS",https://200588.xyz/kfPDWJp33
http://njpd6v.haimo.online/p7YJg#t804b208,"qr,VSCPCDCS",https://200613.xyz/ajzWCNHVq
http://zp6vbx.chende.site/p7YJg#bd4n4b4b,"qr,VSCPCDCS",https://200688.xyz/aW5YyZWiy
https://n442t0.zahe.site/p7YJg#vbnzxzl4,"qr,VSCPCDCS",https://200793.xyz/FzNpyeDtU
https://6f8bx6.luange.shop/p7YJg#j2t4n6vp,"qr,VSCPCDCS",https://200869.xyz/IMe0MvZ6v
http://bt2d86.jiepu.fun/p7YJg#ft8rbf2h,"qr,VSCPCDCS",https://200921.xyz/48rv3ofAi
http://t4ttz8.dentu.store/p7YJg#684hzp08,"qr,VSCPCDCS",https://200088.xyz/j1E3IolCR
http://46dn8b.junte.shop/p7YJg#8nnp486d,"qr,VSCPCDCS",https://200089.xyz/uXxwoOR7C
http://j4rl2p.maore.store/p7YJg#64dfrz2v,"qr,VSCPCDCS",https://200219.xyz/rfR3WKxS4
http://txbl4v.soure.online/p7YJg#xv88rfnl,"qr,VSCPCDCS",https://200288.xyz/6t6QuUcjI
http://l028zp.chende.site/uTAy1#6v4btj42,"link,webVG",https://200384.xyz/NJdWwL5O3
https://46b4jn.zahe.site/uTAy1#r840l4fl,"link,webVG",https://200473.xyz/FrTBi7IVE
https://x2f0pz.luange.shop/uTAy1#tjpl4nfj,"link,webVG",https://200491.xyz/Yj8OHWxlE
http://b62868.jiepu.fun/uTAy1#f8df8fb2,"link,webVG",https://200506.xyz/BdRob6eGV
http://j46006.dentu.store/uTAy1#0tp2bd20,"link,webVG",https://200588.xyz/Q8MclZFrr
http://2h08ll.junte.shop/uTAy1#6l6ld224,"link,webVG",https://200613.xyz/m6Ik9fLqr
http://02n2zp.maore.store/uTAy1#n00n2dx8,"link,webVG",https://200688.xyz/JYMnfZk1l
http://20xh44.soure.online/uTAy1#8262ll8v,"link,webVG",https://200793.xyz/46BXZo6LX
http://64v0r6.yingpa.online/uTAy1#lf04zd44,"link,webVG",https://200869.xyz/aQGqfYzpO
http://xh6z0x.yuanza.store/uTAy1#bjl242rh,"link,webVG",https://200921.xyz/aHFhWKpmO
http://tj284n.laifu.xyz/uTAy1#0t86nd48,"link,webVG",https://200088.xyz/DZ4rEzmrr
http://r20088.zongzu.online/uTAy1#8n464nh0,"link,webVG",https://200089.xyz/mMGIr3EPI
http://2bb48j.xinde.online/uTAy1#44l2v066,"link,webVG",https://200219.xyz/cpExklXr7
http://6x6ffl.suiye.online/uTAy1#hjr8p4x8,"link,webVG",https://200288.xyz/X6PXyDPSv
http://0066h4.zezi.store/uTAy1#lb4fp6tr,"link,webVG",https://200384.xyz/WFkh2XhXf
http://4fp0bx.haimo.online/uTAy1#804dhl00,"link,webVG",https://200473.xyz/YfyUtQLJd
http://8hvxl0.chende.site/uTAy1#z42d80p2,"link,webVG",https://200491.xyz/hmas9HkUp
https://jfh2v6.zahe.site/uTAy1#48020zt8,"link,webVG",https://200506.xyz/w52UE0tgY
https://2d6tj0.luange.shop/uTAy1#2lh0jd82,"link,webVG",https://200588.xyz/PrpicbJDB
http://0nh8tf.jiepu.fun/uTAy1#zbr20hx8,"link,webVG",https://200613.xyz/ixOsehXZa
http://42znxh.dentu.store/uTAy1#686nptl6,"link,webVG",https://200688.xyz/ITL4dLqQn
http://8rlxf6.junte.shop/uTAy1#0dbdpxj0,"link,webVG",https://200793.xyz/1oNvHikmR
http://bh488d.maore.store/uTAy1#h2x46b42,"link,webVG",https://200869.xyz/jYpq5SRAL
http://vp0022.soure.online/uTAy1#dhv64600,"link,webVG",https://200921.xyz/zZs1NoWTS
http://6246lv.yingpa.online/uTAy1#88246jdh,"link,webVG",https://200088.xyz/pCo4V3X4D
http://x426n0.yuanza.store/uTAy1#40040604,"link,webVG",https://200089.xyz/J9ZhpmEU0
http://nb4v88.laifu.xyz/uTAy1#0jj4860b,"link,webVG",https://200219.xyz/UwGYx0UH5
http://8j8fjp.zongzu.online/uTAy1#h4nb2tr2,"link,webVG",https://200288.xyz/gvdp4tGDZ
http://86dj42.xinde.online/uTAy1#txnf084t,"qr,webVG",https://200384.xyz/KQJZ4K7TA
http://xt8rx2.suiye.online/uTAy1#4604r0f4,"qr,webVG",https://200473.xyz/uldpFmIh2
http://h4024f.zezi.store/uTAy1#rz64240t,"qr,webVG",https://200491.xyz/ansxEkfb9
http://d4j6tl.haimo.online/uTAy1#2trz0b4f,"qr,webVG",https://200506.xyz/Tb38w01bq
http://080f8t.chende.site/uTAy1#4000262d,"qr,webVG",https://200588.xyz/1lVwLThCU
https://8224n6.zahe.site/uTAy1#8x6pp868,"qr,webVG",https://200613.xyz/OurZaVNdo
https://0jr2lz.luange.shop/uTAy1#b4lx402f,"qr,webVG",https://200688.xyz/WUGCqfWXA
http://z6n44j.jiepu.fun/uTAy1#f824db2h,"qr,webVG",https://200793.xyz/PX64AxkPY
http://08z604.dentu.store/uTAy1#2bf2rxpj,"qr,webVG",https://200869.xyz/OmBP9VfPt
http://tlpf6j.junte.shop/uTAy1#j8z2hl48,"qr,webVG",https://200921.xyz/DiEhrKN4v
http://006h62.maore.store/uTAy1#fp220bl4,"qr,webVG",https://200088.xyz/1An3LUeIY
http://4f4d66.soure.online/uTAy1#b0p48282,"qr,webVG",https://200089.xyz/MPeKTqOvp
http://46zh06.chende.site/HsV3W#lldvlxvf,"link,webSYZP",https://200219.xyz/pJKVE2QPh
https://8626j0.zahe.site/HsV3W#80604pj6,"link,webSYZP",https://200288.xyz/Zyg2c96tT
https://62jtp2.luange.shop/HsV3W#nr4068h2,"link,webSYZP",https://200384.xyz/Q6FuT867a
http://2r2f8d.jiepu.fun/HsV3W#nnp642h4,"link,webSYZP",https://200473.xyz/WfM8YBHY1
http://j62j04.dentu.store/HsV3W#6064n2z0,"link,webSYZP",https://200491.xyz/dMaMhIUjz
http://d46dh4.junte.shop/HsV3W#b864bt44,"link,webSYZP",https://200506.xyz/K2MvVn0qi
http://4042th.maore.store/HsV3W#0dlx8660,"link,webSYZP",https://200588.xyz/YVOoIt6kL
http://08fhf0.soure.online/HsV3W#46x26l0l,"link,webSYZP",https://200613.xyz/rw7gKcBfG
http://8r4djb.yingpa.online/HsV3W#2zrd420t,"link,webSYZP",https://200688.xyz/OyW6JzY9m
http://l6fh0f.yuanza.store/HsV3W#r606htpl,"link,webSYZP",https://200793.xyz/Fvvncm0CM
http://6xt662.laifu.xyz/HsV3W#800f6006,"link,webSYZP",https://200869.xyz/n9yGa4Yic
http://824h00.zongzu.online/HsV3W#xdt2lj6h,"link,webSYZP",https://200921.xyz/kPT8qBbIi
http://6zzrl8.xinde.online/HsV3W#b6z2x88v,"link,webSYZP",https://200088.xyz/EFKCx8jr1
http://ffhdx2.suiye.online/HsV3W#hll60hfn,"link,webSYZP",https://200089.xyz/hwjuY4wrs
http://884402.zezi.store/HsV3W#0hp84htv,"link,webSYZP",https://200219.xyz/HLGFaEjJi
http://vn886x.haimo.online/HsV3W#48dxnltl,"link,webSYZP",https://200288.xyz/hP4Whddt7
http://v68vdr.chende.site/HsV3W#668lhblv,"link,webSYZP",https://200384.xyz/K07AcSQpn
https://0406rz.zahe.site/HsV3W#lb222rlp,"link,webSYZP",https://200473.xyz/HnJvCy2I4
https://x24446.luange.shop/HsV3W#8d882x40,"link,webSYZP",https://200491.xyz/J1XhONH8E
http://8xjf80.jiepu.fun/HsV3W#6fv4ltnn,"link,webSYZP",https://200506.xyz/FRlfdCfqx
http://82468n.dentu.store/HsV3W#z626djfh,"link,webSYZP",https://200588.xyz/W072nXxC5
http://vb2tbj.junte.shop/HsV3W#6460bt26,"link,webSYZP",https://200613.xyz/TWKSpoJyY
http://dlfnzb.maore.store/HsV3W#2jr0vdh0,"link,webSYZP",https://200688.xyz/Dphf9igVL
http://n6b0f8.soure.online/HsV3W#2488zv8d,"link,webSYZP",https://200793.xyz/0mW5rG7vS
http://42nd84.yingpa.online/HsV3W#n0lpj68z,"link,webSYZP",https://200869.xyz/AJ6UY0Kgo
http://846vpb.yuanza.store/HsV3W#86460prd,"link,webSYZP",https://200921.xyz/WAqxl9lHK
http://622bpb.laifu.xyz/HsV3W#fdv8vf4z,"link,webSYZP",https://200088.xyz/e3RIN3a3R
http://02v884.zongzu.online/HsV3W#0068600n,"link,webSYZP",https://200089.xyz/CGneor9Wm
http://t0tt02.xinde.online/HsV3W#lj2hrlzr,"qr,webSYZP",https://200219.xyz/P2k5gAbub
http://88x6h6.suiye.online/HsV3W#8v8n2pdt,"qr,webSYZP",https://200288.xyz/lzsbn1SNV
http://n20v4t.zezi.store/HsV3W#rpjddtdl,"qr,webSYZP",https://200384.xyz/lPctBJmfs
http://dn6zdr.haimo.online/HsV3W#pdt4p4lh,"qr,webSYZP",https://200473.xyz/kR0JlGKBS
http://ljhzx8.chende.site/HsV3W#z48dpx6d,"qr,webSYZP",https://200491.xyz/KGZIZ2wkk
https://42204n.zahe.site/HsV3W#np426r2h,"qr,webSYZP",https://200506.xyz/UJvaqL130
https://0d2426.luange.shop/HsV3W#b06lf4x0,"qr,webSYZP",https://200588.xyz/jWC4nr6Qa
http://8t200n.jiepu.fun/HsV3W#f6l6bx8d,"qr,webSYZP",https://200613.xyz/tyeDaYFfj
http://6p8hn6.dentu.store/HsV3W#6h4jj626,"qr,webSYZP",https://200688.xyz/IRiDOEgxx
http://0n6rd6.junte.shop/HsV3W#06v22jbl,"qr,webSYZP",https://200793.xyz/gqYn0Mq2u
http://tfbhx6.maore.store/HsV3W#dd2bx2l8,"qr,webSYZP",https://200869.xyz/Gkm7jUElF
http://00j6dj.soure.online/HsV3W#lzfh4bbt,"qr,webSYZP",https://200921.xyz/N9nYXoT64
